Datetime,AAPL,AMD,AMZN,GOOG,META,MSFT,NVDA,TSLA,TSM
2022-11-28 04:00:00-05:00,0,0,0,0,0,0,0,0,0
2022-11-28 04:15:00-05:00,0,0,0,0,0,0,0,0,0
2022-11-28 04:30:00-05:00,0,0,0,0,0,0,0,0,0
2022-11-28 04:45:00-05:00,0,0,0,0,0,0,0,0,0
2022-11-28 05:00:00-05:00,0,0,0,0,0,0,0,0,0
2022-11-28 05:15:00-05:00,0,0,0,0,0,0,0,0,0
2022-11-28 05:30:00-05:00,0,0,0,0,0,0,0,0,0
2022-11-28 05:45:00-05:00,0,0,0,0,0,0,0,0,0
2022-11-28 06:00:00-05:00,0,0,0,0,0,0,0,0,0
2022-11-28 06:15:00-05:00,0,0,0,0,0,0,0,0,0
2022-11-28 06:30:00-05:00,0,0,0,0,0,0,0,0,0
2022-11-28 06:45:00-05:00,0,0,0,0,0,0,0,0,0
2022-11-28 07:00:00-05:00,0,0,0,0,0,0,0,0,0
2022-11-28 07:15:00-05:00,0,0,0,0,0,0,0,0,0
2022-11-28 07:30:00-05:00,0,0,0,0,0,0,0,0,0
2022-11-28 07:45:00-05:00,0,0,0,0,0,0,0,0,0
2022-11-28 08:00:00-05:00,0,0,0,0,0,0,0,0,0
2022-11-28 08:15:00-05:00,0,0,0,0,0,0,0,0,0
2022-11-28 08:30:00-05:00,0,0,0,0,0,0,0,0,0
2022-11-28 08:45:00-05:00,0,0,0,0,0,0,0,0,0
2022-11-28 09:00:00-05:00,0,0,0,0,0,0,0,0,0
2022-11-28 09:30:00-05:00,7792628,4882004,10598595,1713378,2378385,1560726,3149861,8985452,1675950
2022-11-28 09:45:00-05:00,3278434,2937168,4626487,997402,1072880,966614,1783662,5312976,606460
2022-11-28 10:00:00-05:00,3282539,2969714,3815776,686316,866919,771799,1553872,5904128,359806
2022-11-28 10:15:00-05:00,2824965,2026601,3515537,1101520,1750147,954335,1430446,5014271,675252
2022-11-28 10:30:00-05:00,1943898,1523172,2651979,466726,835762,735317,860980,3587381,403300
2022-11-28 10:45:00-05:00,1968747,1624154,2559372,599903,773678,533502,987282,3287159,446857
2022-11-28 11:00:00-05:00,2474818,1539624,2950110,544263,803195,1226199,965167,3477323,263537
2022-11-28 11:15:00-05:00,1637218,1129079,2352912,456868,599823,649553,768321,3878334,551843
2022-11-28 11:30:00-05:00,1630438,933476,2412592,360560,593031,429547,565340,4223808,299806
2022-11-28 11:45:00-05:00,1109945,947724,2297966,403573,592654,460669,651839,3260457,182204
2022-11-28 12:00:00-05:00,2410092,1773192,3260126,830428,1040798,837971,1247994,4132973,284439
2022-11-28 12:15:00-05:00,1256286,1072382,1647893,329452,568644,477179,660976,2229324,225874
2022-11-28 12:30:00-05:00,963507,1115422,1330065,278335,419255,519179,573839,2823012,419263
2022-11-28 12:45:00-05:00,1368714,1211139,1559807,327197,502334,662630,860679,2327490,545112
2022-11-28 13:00:00-05:00,1330602,1236262,1436789,322364,526478,425155,562496,2529351,391422
2022-11-28 13:15:00-05:00,1243476,850379,1666369,344402,703839,311015,431647,1896051,278272
2022-11-28 13:30:00-05:00,994744,961896,1277356,346943,499974,265918,534520,2181744,198241
2022-11-28 13:45:00-05:00,2684817,1235533,1729395,377636,485922,469073,807160,3004470,275807
2022-11-28 14:00:00-05:00,1953858,1400377,1887883,459742,642331,322729,715218,3240703,517475
2022-11-28 14:15:00-05:00,1765750,1055349,1764963,334197,423852,384641,655093,3054763,249165
2022-11-28 14:30:00-05:00,1910226,1403011,1704417,381303,511487,572781,661183,2838727,243084
2022-11-28 14:45:00-05:00,1654225,994403,1175242,369630,375908,433008,604341,1984837,193702
2022-11-28 15:00:00-05:00,1806442,1114760,2153081,408293,547818,733542,882138,2119789,290415
2022-11-28 15:15:00-05:00,1838090,1217803,2103783,488157,722141,601450,1125918,2608723,346988
2022-11-28 15:30:00-05:00,2920258,1763601,2094611,651888,786698,900166,1378624,2893943,1024753
2022-11-28 15:45:00-05:00,5217494,3364673,4331749,1983992,1910344,2320187,2254499,3636034,1374607
2022-11-28 16:00:00-05:00,0,0,0,0,0,0,0,0,0
2022-11-28 16:15:00-05:00,0,0,0,0,0,0,0,0,0
2022-11-28 16:30:00-05:00,0,0,0,0,0,0,0,0,0
2022-11-28 16:45:00-05:00,0,0,0,0,0,0,0,0,0
2022-11-28 17:00:00-05:00,0,0,0,0,0,0,0,0,0
2022-11-28 17:15:00-05:00,0,0,0,0,0,0,0,0,0
2022-11-28 17:30:00-05:00,0,0,0,0,0,0,0,0,0
2022-11-28 17:45:00-05:00,0,0,0,0,0,0,0,0,0
2022-11-28 18:00:00-05:00,0,0,0,0,0,0,0,0,0
2022-11-28 18:15:00-05:00,0,0,0,0,0,0,0,0,0
2022-11-28 18:30:00-05:00,0,0,0,0,0,0,0,0,0
2022-11-28 18:45:00-05:00,0,0,0,0,0,0,0,0,0
2022-11-29 04:00:00-05:00,0,0,0,0,0,0,0,0,0
2022-11-29 04:15:00-05:00,0,0,0,0,0,0,0,0,0
2022-11-29 04:30:00-05:00,0,0,0,0,0,0,0,0,0
2022-11-29 04:45:00-05:00,0,0,0,0,0,0,0,0,0
2022-11-29 05:00:00-05:00,0,0,0,0,0,0,0,0,0
2022-11-29 05:15:00-05:00,0,0,0,0,0,0,0,0,0
2022-11-29 05:30:00-05:00,0,0,0,0,0,0,0,0,0
2022-11-29 05:45:00-05:00,0,0,0,0,0,0,0,0,0
2022-11-29 06:00:00-05:00,0,0,0,0,0,0,0,0,0
2022-11-29 06:15:00-05:00,0,0,0,0,0,0,0,0,0
2022-11-29 06:30:00-05:00,0,0,0,0,0,0,0,0,0
2022-11-29 06:45:00-05:00,0,0,0,0,0,0,0,0,0
2022-11-29 07:00:00-05:00,0,0,0,0,0,0,0,0,0
2022-11-29 07:15:00-05:00,0,0,0,0,0,0,0,0,0
2022-11-29 07:30:00-05:00,0,0,0,0,0,0,0,0,0
2022-11-29 07:45:00-05:00,0,0,0,0,0,0,0,0,0
2022-11-29 08:00:00-05:00,0,0,0,0,0,0,0,0,0
2022-11-29 08:15:00-05:00,0,0,0,0,0,0,0,0,0
2022-11-29 08:30:00-05:00,0,0,0,0,0,0,0,0,0
2022-11-29 08:45:00-05:00,0,0,0,0,0,0,0,0,0
2022-11-29 09:00:00-05:00,0,0,0,0,0,0,0,0,0
2022-11-29 09:30:00-05:00,5805528,4626498,5656230,1269099,3375233,2240386,2947979,8339946,1751020
2022-11-29 09:45:00-05:00,3671165,3938358,3515859,784959,1522943,702795,1473518,5302776,978178
2022-11-29 10:00:00-05:00,3774381,3161021,3249555,784888,1044672,605104,2065059,4981586,463365
2022-11-29 10:15:00-05:00,2770896,2702480,2631024,847842,1140122,479356,1312500,5368302,322549
2022-11-29 10:30:00-05:00,2373241,2826147,2598808,577763,914189,466843,1566150,3747820,276072
2022-11-29 10:45:00-05:00,3858988,2208543,2750773,630301,650038,383567,1262689,4962069,662471
2022-11-29 11:00:00-05:00,6148183,3065321,3825349,867646,852369,926117,1847603,4573701,653486
2022-11-29 11:15:00-05:00,6183528,2447010,3584216,751970,792957,764075,1357639,3247699,509061
2022-11-29 11:30:00-05:00,2960590,1596878,2447800,558456,495648,446062,966600,3121063,390102
2022-11-29 11:45:00-05:00,2816695,1368149,2637149,520384,410744,447405,889818,3103101,340891
2022-11-29 12:00:00-05:00,2476636,1391061,1251671,469500,377804,326685,793941,1836842,208951
2022-11-29 12:15:00-05:00,2106570,1168792,1447514,379352,316873,442357,717747,1874170,138438
2022-11-29 12:30:00-05:00,2025651,1241995,1739506,389697,461036,550785,714922,1691743,205810
2022-11-29 12:45:00-05:00,1543675,838929,1116385,527329,433238,268165,672168,1406788,139398
2022-11-29 13:00:00-05:00,1444819,1547659,1274801,520193,378413,331659,599630,1751795,228167
2022-11-29 13:15:00-05:00,2528210,1752912,1773137,448663,530789,403658,818617,2437511,202637
2022-11-29 13:30:00-05:00,1982653,1074615,1602200,413988,656257,394089,754330,2427257,137242
2022-11-29 13:45:00-05:00,1857702,1125873,1362129,582641,450038,292276,762446,3307646,153305
2022-11-29 14:00:00-05:00,1927501,1413982,1991566,599555,535715,533193,774987,2398881,270348
2022-11-29 14:15:00-05:00,1403223,888367,1435943,501058,746478,266936,621512,2214288,242546
2022-11-29 14:30:00-05:00,1791692,962289,1300146,506026,810429,336194,621915,1833919,225172
2022-11-29 14:45:00-05:00,2174564,873023,1331051,369775,665170,244619,569378,1610344,146429
2022-11-29 15:00:00-05:00,2018884,1280057,1149822,480106,711175,371173,705603,2434199,204065
2022-11-29 15:15:00-05:00,2015990,1403076,2146562,504652,721614,422140,861929,2329233,278687
2022-11-29 15:30:00-05:00,2844595,2057754,2054763,726955,902455,748661,1097933,2241941,263487
2022-11-29 15:45:00-05:00,6061616,2461531,3952549,1225828,1434881,1317334,1584012,2818141,666913
2022-11-29 16:00:00-05:00,0,0,0,0,0,0,0,0,0
2022-11-29 16:15:00-05:00,0,0,0,0,0,0,0,0,0
2022-11-29 16:30:00-05:00,0,0,0,0,0,0,0,0,0
2022-11-29 16:45:00-05:00,0,0,0,0,0,0,0,0,0
2022-11-29 17:00:00-05:00,0,0,0,0,0,0,0,0,0
2022-11-29 17:15:00-05:00,0,0,0,0,0,0,0,0,0
2022-11-29 17:30:00-05:00,0,0,0,0,0,0,0,0,0
2022-11-29 17:45:00-05:00,0,0,0,0,0,0,0,0,0
2022-11-29 18:00:00-05:00,0,0,0,0,0,0,0,0,0
2022-11-29 18:15:00-05:00,0,0,0,0,0,0,0,0,0
2022-11-29 18:30:00-05:00,0,0,0,0,0,0,0,0,0
2022-11-29 18:45:00-05:00,0,0,0,0,0,0,0,0,0
2022-11-30 04:00:00-05:00,0,0,0,0,0,0,0,0,0
2022-11-30 04:15:00-05:00,0,0,0,0,0,0,0,0,0
2022-11-30 04:30:00-05:00,0,0,0,0,0,0,0,0,0
2022-11-30 04:45:00-05:00,0,0,0,0,0,0,0,0,0
2022-11-30 05:00:00-05:00,0,0,0,0,0,0,0,0,0
2022-11-30 05:15:00-05:00,0,0,0,0,0,0,0,0,0
2022-11-30 05:30:00-05:00,0,0,0,0,0,0,0,0,0
2022-11-30 05:45:00-05:00,0,0,0,0,0,0,0,0,0
2022-11-30 06:00:00-05:00,0,0,0,0,0,0,0,0,0
2022-11-30 06:15:00-05:00,0,0,0,0,0,0,0,0,0
2022-11-30 06:30:00-05:00,0,0,0,0,0,0,0,0,0
2022-11-30 06:45:00-05:00,0,0,0,0,0,0,0,0,0
2022-11-30 07:00:00-05:00,0,0,0,0,0,0,0,0,0
2022-11-30 07:15:00-05:00,0,0,0,0,0,0,0,0,0
2022-11-30 07:30:00-05:00,0,0,0,0,0,0,0,0,0
2022-11-30 07:45:00-05:00,0,0,0,0,0,0,0,0,0
2022-11-30 08:00:00-05:00,0,0,0,0,0,0,0,0,0
2022-11-30 08:15:00-05:00,0,0,0,0,0,0,0,0,0
2022-11-30 08:30:00-05:00,0,0,0,0,0,0,0,0,0
2022-11-30 08:45:00-05:00,0,0,0,0,0,0,0,0,0
2022-11-30 09:00:00-05:00,0,0,0,0,0,0,0,0,0
2022-11-30 09:30:00-05:00,7170985,6156601,8022752,1577240,2171655,2236869,3307256,8509901,1968368
2022-11-30 09:45:00-05:00,3222966,4170930,3596769,930186,1026269,844122,1819423,4521387,934660
2022-11-30 10:00:00-05:00,2493784,2801789,3702225,756352,1042137,737813,1719553,3925793,851297
2022-11-30 10:15:00-05:00,1828380,3024777,2328360,669033,971296,607693,1303105,3288799,645266
2022-11-30 10:30:00-05:00,1848755,2025698,2178696,522758,698795,553965,1089933,2661353,383835
2022-11-30 10:45:00-05:00,1981193,1482014,1585182,498849,790313,608970,1185238,2399572,341775
2022-11-30 11:00:00-05:00,1789925,1874627,1552510,544111,1274510,520389,1368316,2061626,329604
2022-11-30 11:15:00-05:00,2014378,1396470,1456723,471201,729716,432871,782659,2452915,464375
2022-11-30 11:30:00-05:00,1709675,1404376,1455761,541349,2227410,492415,1142962,1928411,692185
2022-11-30 11:45:00-05:00,1421709,1429755,1278869,457088,773066,582088,901531,1879679,479854
2022-11-30 12:00:00-05:00,1162921,1030725,1337680,493758,532819,399653,760585,2119410,330555
2022-11-30 12:15:00-05:00,1814684,1815591,1678593,447008,692928,456473,946703,1981779,424241
2022-11-30 12:30:00-05:00,1430305,1175203,1581854,443342,531534,312864,949121,1337239,390503
2022-11-30 12:45:00-05:00,1396879,1051372,976905,435541,557927,317457,709347,1479027,311068
2022-11-30 13:00:00-05:00,1276730,1019766,1052785,519110,540820,363774,666288,1517909,284379
2022-11-30 13:15:00-05:00,975083,859837,1393395,385564,400852,512518,565250,941155,239810
2022-11-30 13:30:00-05:00,5375392,4993238,5650678,1583610,2208151,2157624,2966764,5550655,916812
2022-11-30 13:45:00-05:00,3925183,4432010,4125536,1146119,1750138,1391296,2307865,4738571,494634
2022-11-30 14:00:00-05:00,4334224,5396391,5092715,1412025,2584126,1403234,3684045,6436261,749127
2022-11-30 14:15:00-05:00,5542235,5519880,5480928,1617462,3194141,2023831,2860370,6668470,799765
2022-11-30 14:30:00-05:00,3378769,3075072,3768173,1042490,1714715,1041366,2062237,4488495,450076
2022-11-30 14:45:00-05:00,2911889,2791771,3246198,1062273,1538159,1117141,1490100,4065500,334662
2022-11-30 15:00:00-05:00,2362584,2869368,3079670,1081468,1182528,965748,1634511,2870376,571972
2022-11-30 15:15:00-05:00,3913937,4022515,3388152,1233523,1644250,1481362,2387559,4048304,650800
2022-11-30 15:30:00-05:00,4276474,3663385,3498762,1087321,1645032,1646275,2858321,3727026,781576
2022-11-30 15:45:00-05:00,9862535,6357855,10145196,4992972,3744897,6733090,5949049,9687710,2649744
2022-11-30 16:00:00-05:00,0,0,0,0,0,0,0,0,0
2022-11-30 16:15:00-05:00,0,0,0,0,0,0,0,0,0
2022-11-30 16:30:00-05:00,0,0,0,0,0,0,0,0,0
2022-11-30 16:45:00-05:00,0,0,0,0,0,0,0,0,0
2022-11-30 17:00:00-05:00,0,0,0,0,0,0,0,0,0
2022-11-30 17:15:00-05:00,0,0,0,0,0,0,0,0,0
2022-11-30 17:30:00-05:00,0,0,0,0,0,0,0,0,0
2022-11-30 17:45:00-05:00,0,0,0,0,0,0,0,0,0
2022-11-30 18:00:00-05:00,0,0,0,0,0,0,0,0,0
2022-11-30 18:15:00-05:00,0,0,0,0,0,0,0,0,0
2022-11-30 18:30:00-05:00,0,0,0,0,0,0,0,0,0
2022-11-30 18:45:00-05:00,0,0,0,0,0,0,0,0,0
2022-12-01 04:00:00-05:00,0,0,0,0,0,0,0,0,0
2022-12-01 04:15:00-05:00,0,0,0,0,0,0,0,0,0
2022-12-01 04:30:00-05:00,0,0,0,0,0,0,0,0,0
2022-12-01 04:45:00-05:00,0,0,0,0,0,0,0,0,0
2022-12-01 05:00:00-05:00,0,0,0,0,0,0,0,0,0
2022-12-01 05:15:00-05:00,0,0,0,0,0,0,0,0,0
2022-12-01 05:30:00-05:00,0,0,0,0,0,0,0,0,0
2022-12-01 05:45:00-05:00,0,0,0,0,0,0,0,0,0
2022-12-01 06:00:00-05:00,0,0,0,0,0,0,0,0,0
2022-12-01 06:15:00-05:00,0,0,0,0,0,0,0,0,0
2022-12-01 06:30:00-05:00,0,0,0,0,0,0,0,0,0
2022-12-01 06:45:00-05:00,0,0,0,0,0,0,0,0,0
2022-12-01 07:00:00-05:00,0,0,0,0,0,0,0,0,0
2022-12-01 07:15:00-05:00,0,0,0,0,0,0,0,0,0
2022-12-01 07:30:00-05:00,0,0,0,0,0,0,0,0,0
2022-12-01 07:45:00-05:00,0,0,0,0,0,0,0,0,0
2022-12-01 08:00:00-05:00,0,0,0,0,0,0,0,0,0
2022-12-01 08:15:00-05:00,0,0,0,0,0,0,0,0,0
2022-12-01 08:30:00-05:00,0,0,0,0,0,0,0,0,0
2022-12-01 08:45:00-05:00,0,0,0,0,0,0,0,0,0
2022-12-01 09:00:00-05:00,0,0,0,0,0,0,0,0,0
2022-12-01 09:30:00-05:00,7804019,6820677,7597505,2047753,4919889,2529309,4419204,12635107,2750006
2022-12-01 09:45:00-05:00,3580731,3843030,3717087,1280484,2553291,1239101,3789464,6732083,796482
2022-12-01 10:00:00-05:00,4115033,4399856,4438176,1005955,2101304,1145945,2956620,5130586,1111478
2022-12-01 10:15:00-05:00,2642059,3645269,3228536,987329,2700336,1214775,2324820,4621439,977631
2022-12-01 10:30:00-05:00,2291902,2659174,2186289,617134,1026478,824629,1455427,4288442,1310862
2022-12-01 10:45:00-05:00,2558262,2772030,3109354,648489,1260350,880977,1901587,4776197,637786
2022-12-01 11:00:00-05:00,4686045,2658258,4602608,518545,811764,598859,1539175,3004465,441077
2022-12-01 11:15:00-05:00,1871764,1840963,2045342,634943,937224,785873,2517756,3496152,380784
2022-12-01 11:30:00-05:00,1780365,1773448,1765657,527510,1030954,1257878,1387651,2651192,361930
2022-12-01 11:45:00-05:00,1534259,1655621,1569146,371961,689686,509565,1133065,2194414,295999
2022-12-01 12:00:00-05:00,1590320,1730553,1485959,422391,790811,488199,1016186,1833961,325020
2022-12-01 12:15:00-05:00,1591930,1200878,1369010,417230,653736,531920,1291891,1474718,276200
2022-12-01 12:30:00-05:00,1308637,1113964,1299757,365584,689125,542284,1091782,1472243,393354
2022-12-01 12:45:00-05:00,1374378,1028734,1185098,356042,570207,440486,982372,1381172,230662
2022-12-01 13:00:00-05:00,1594693,1155963,1285859,392407,579855,603652,1221331,2329198,289405
2022-12-01 13:15:00-05:00,1455761,1555711,1541423,380145,1461301,651331,1161241,1687535,324530
2022-12-01 13:30:00-05:00,2122513,1570241,1305617,395796,653717,449649,1547225,1594687,377258
2022-12-01 13:45:00-05:00,1251962,1011561,1202848,307057,437037,352726,1006614,1236962,227632
2022-12-01 14:00:00-05:00,1206886,1172129,1371958,314957,623613,376515,975714,1356320,324773
2022-12-01 14:15:00-05:00,1411621,1142546,1805439,371722,433608,515341,1037804,1454425,286941
2022-12-01 14:30:00-05:00,1282399,1089819,1647540,384372,690360,522722,913615,1349623,203564
2022-12-01 14:45:00-05:00,1566033,1223302,1740282,409938,1078141,524781,1189209,1776079,263457
2022-12-01 15:00:00-05:00,2366599,1404498,1482910,421089,1253857,536642,1243565,1269656,336501
2022-12-01 15:15:00-05:00,1564270,1404125,1584334,467426,2078197,636953,1253165,2658236,374061
2022-12-01 15:30:00-05:00,2171175,1831387,2142815,661103,1560835,1354817,1544321,2253633,373682
2022-12-01 15:45:00-05:00,4725621,3012612,4207038,1791423,2005371,2018091,2747747,2873530,1051969
2022-12-01 16:00:00-05:00,0,0,0,0,0,0,0,0,0
2022-12-01 16:15:00-05:00,0,0,0,0,0,0,0,0,0
2022-12-01 16:30:00-05:00,0,0,0,0,0,0,0,0,0
2022-12-01 16:45:00-05:00,0,0,0,0,0,0,0,0,0
2022-12-01 17:00:00-05:00,0,0,0,0,0,0,0,0,0
2022-12-01 17:15:00-05:00,0,0,0,0,0,0,0,0,0
2022-12-01 17:30:00-05:00,0,0,0,0,0,0,0,0,0
2022-12-01 17:45:00-05:00,0,0,0,0,0,0,0,0,0
2022-12-01 18:00:00-05:00,0,0,0,0,0,0,0,0,0
2022-12-01 18:15:00-05:00,0,0,0,0,0,0,0,0,0
2022-12-01 18:30:00-05:00,0,0,0,0,0,0,0,0,0
2022-12-01 18:45:00-05:00,0,0,0,0,0,0,0,0,0
2022-12-02 04:00:00-05:00,0,0,0,0,0,0,0,0,0
2022-12-02 04:15:00-05:00,0,0,0,0,0,0,0,0,0
2022-12-02 04:30:00-05:00,0,0,0,0,0,0,0,0,0
2022-12-02 04:45:00-05:00,0,0,0,0,0,0,0,0,0
2022-12-02 05:00:00-05:00,0,0,0,0,0,0,0,0,0
2022-12-02 05:15:00-05:00,0,0,0,0,0,0,0,0,0
2022-12-02 05:30:00-05:00,0,0,0,0,0,0,0,0,0
2022-12-02 05:45:00-05:00,0,0,0,0,0,0,0,0,0
2022-12-02 06:00:00-05:00,0,0,0,0,0,0,0,0,0
2022-12-02 06:15:00-05:00,0,0,0,0,0,0,0,0,0
2022-12-02 06:30:00-05:00,0,0,0,0,0,0,0,0,0
2022-12-02 06:45:00-05:00,0,0,0,0,0,0,0,0,0
2022-12-02 07:00:00-05:00,0,0,0,0,0,0,0,0,0
2022-12-02 07:15:00-05:00,0,0,0,0,0,0,0,0,0
2022-12-02 07:30:00-05:00,0,0,0,0,0,0,0,0,0
2022-12-02 07:45:00-05:00,0,0,0,0,0,0,0,0,0
2022-12-02 08:00:00-05:00,0,0,0,0,0,0,0,0,0
2022-12-02 08:15:00-05:00,0,0,0,0,0,0,0,0,0
2022-12-02 08:30:00-05:00,0,0,0,0,0,0,0,0,0
2022-12-02 08:45:00-05:00,0,0,0,0,0,0,0,0,0
2022-12-02 09:00:00-05:00,0,0,0,0,0,0,0,0,0
2022-12-02 09:30:00-05:00,5727939,6632884,9108523,1851312,3513370,2324862,4405083,9826026,1151304
2022-12-02 09:45:00-05:00,3586258,3964929,3999543,1160785,2018852,967259,3568562,5615964,557514
2022-12-02 10:00:00-05:00,2983021,3738680,4337297,853074,2666675,1021961,2446192,5132592,536818
2022-12-02 10:15:00-05:00,2086734,2880031,2758159,725277,2490927,685651,1762380,3729196,356592
2022-12-02 10:30:00-05:00,2341949,2331627,1973116,916928,1424991,585601,1766287,3066045,314681
2022-12-02 10:45:00-05:00,2127520,2129213,2250662,528081,1585918,611883,983273,2810947,232545
2022-12-02 11:00:00-05:00,1648630,1776364,1889301,450419,1279845,617016,1029238,2992876,224864
2022-12-02 11:15:00-05:00,2132789,1805087,2130031,477395,1699073,604562,1903338,2679102,187525
2022-12-02 11:30:00-05:00,1833669,1876137,2515152,622490,1267378,664380,1024141,2216804,259550
2022-12-02 11:45:00-05:00,1819857,1836815,1676937,315782,1378739,537721,949084,1974219,239041
2022-12-02 12:00:00-05:00,2498622,1446841,1999512,375379,1124357,718004,651696,1837398,397218
2022-12-02 12:15:00-05:00,1169720,1759126,1099908,247773,1204313,463750,722846,1297765,282971
2022-12-02 12:30:00-05:00,975068,2088558,1284738,327189,812186,409085,792675,1409317,193199
2022-12-02 12:45:00-05:00,771450,1774164,1567529,238212,828821,381015,472479,1278418,163161
2022-12-02 13:00:00-05:00,1135458,3110157,1741792,324205,976158,384405,854155,2555967,182035
2022-12-02 13:15:00-05:00,785007,1637616,1145577,247559,823751,366126,618188,1655053,117863
2022-12-02 13:30:00-05:00,844907,1030512,1002876,1395265,691993,336644,502522,1441984,108587
2022-12-02 13:45:00-05:00,925277,1471865,1012188,237994,535934,470020,468116,1199375,115707
2022-12-02 14:00:00-05:00,906637,1439233,1047660,315800,752901,359933,754440,1375881,386908
2022-12-02 14:15:00-05:00,870619,1120679,1185411,254701,1027157,443757,652815,1327409,414412
2022-12-02 14:30:00-05:00,942225,1229592,1437304,235761,2270784,310591,861839,1202122,307186
2022-12-02 14:45:00-05:00,1814870,1943723,1834373,419698,1105107,663652,1208123,2314283,390190
2022-12-02 15:00:00-05:00,3576714,3035025,2939320,484554,1364097,988676,1889570,3173615,495255
2022-12-02 15:15:00-05:00,2566866,2521908,2385064,481182,1275534,797090,1391573,2679691,368571
2022-12-02 15:30:00-05:00,2431308,3508827,2526923,596554,1408955,676275,1388086,2682481,663916
2022-12-02 15:45:00-05:00,4687106,4203107,5531222,1147807,2101736,1671258,2287432,4224273,1221323
2022-12-02 16:00:00-05:00,0,0,0,0,0,0,0,0,0
2022-12-02 16:15:00-05:00,0,0,0,0,0,0,0,0,0
2022-12-02 16:30:00-05:00,0,0,0,0,0,0,0,0,0
2022-12-02 16:45:00-05:00,0,0,0,0,0,0,0,0,0
2022-12-02 17:00:00-05:00,0,0,0,0,0,0,0,0,0
2022-12-02 17:15:00-05:00,0,0,0,0,0,0,0,0,0
2022-12-02 17:30:00-05:00,0,0,0,0,0,0,0,0,0
2022-12-02 17:45:00-05:00,0,0,0,0,0,0,0,0,0
2022-12-02 18:00:00-05:00,0,0,0,0,0,0,0,0,0
2022-12-02 18:15:00-05:00,0,0,0,0,0,0,0,0,0
2022-12-02 18:30:00-05:00,0,0,0,0,0,0,0,0,0
2022-12-05 04:00:00-05:00,0,0,0,0,0,0,0,0,0
2022-12-05 04:15:00-05:00,0,0,0,0,0,0,0,0,0
2022-12-05 04:30:00-05:00,0,0,0,0,0,0,0,0,0
2022-12-05 04:45:00-05:00,0,0,0,0,0,0,0,0,0
2022-12-05 05:00:00-05:00,0,0,0,0,0,0,0,0,0
2022-12-05 05:15:00-05:00,0,0,0,0,0,0,0,0,0
2022-12-05 05:30:00-05:00,0,0,0,0,0,0,0,0,0
2022-12-05 05:45:00-05:00,0,0,0,0,0,0,0,0,0
2022-12-05 06:00:00-05:00,0,0,0,0,0,0,0,0,0
2022-12-05 06:15:00-05:00,0,0,0,0,0,0,0,0,0
2022-12-05 06:30:00-05:00,0,0,0,0,0,0,0,0,0
2022-12-05 06:45:00-05:00,0,0,0,0,0,0,0,0,0
2022-12-05 07:00:00-05:00,0,0,0,0,0,0,0,0,0
2022-12-05 07:15:00-05:00,0,0,0,0,0,0,0,0,0
2022-12-05 07:30:00-05:00,0,0,0,0,0,0,0,0,0
2022-12-05 07:45:00-05:00,0,0,0,0,0,0,0,0,0
2022-12-05 08:00:00-05:00,0,0,0,0,0,0,0,0,0
2022-12-05 08:15:00-05:00,0,0,0,0,0,0,0,0,0
2022-12-05 08:30:00-05:00,0,0,0,0,0,0,0,0,0
2022-12-05 08:45:00-05:00,0,0,0,0,0,0,0,0,0
2022-12-05 09:00:00-05:00,0,0,0,0,0,0,0,0,0
2022-12-05 09:30:00-05:00,8370443,3963611,6781115,2175996,4695807,2367998,3503204,14322778,1843517
2022-12-05 09:45:00-05:00,5709268,2531309,3029453,968158,2339823,801673,2315948,5967095,798260
2022-12-05 10:00:00-05:00,4895850,2873045,3493480,941016,2643795,914510,1948913,7185284,777207
2022-12-05 10:15:00-05:00,3226470,2120854,2716821,515833,1776499,464216,1392584,3953417,433946
2022-12-05 10:30:00-05:00,2251170,1699186,2655158,528085,1454112,552313,1384479,3793522,403517
2022-12-05 10:45:00-05:00,2548788,1970315,1611586,529241,1128786,432482,1253733,3102485,313911
2022-12-05 11:00:00-05:00,1945432,1711967,2237764,632509,928646,593788,1533799,3555538,442313
2022-12-05 11:15:00-05:00,2786975,1419919,2824438,581351,1133785,498461,1139927,3097213,440119
2022-12-05 11:30:00-05:00,1568460,1240016,3053824,553706,859587,580186,1104191,2818592,428246
2022-12-05 11:45:00-05:00,1737310,1858348,1875130,619174,713369,798925,1128221,2280818,223507
2022-12-05 12:00:00-05:00,1339488,1685912,3094189,358714,663075,977942,864500,2376204,258094
2022-12-05 12:15:00-05:00,1493896,1210015,1971781,405378,763196,476161,813413,1598403,209857
2022-12-05 12:30:00-05:00,1336763,901075,2418491,329340,803818,644745,672415,2275652,160944
2022-12-05 12:45:00-05:00,1112853,1075808,1760789,310311,771404,707217,725811,2577021,229968
2022-12-05 13:00:00-05:00,1397388,1315454,1779893,360761,1150064,503846,936111,2365146,211571
2022-12-05 13:15:00-05:00,871824,834166,1827393,321785,803230,465586,863005,1963801,177361
2022-12-05 13:30:00-05:00,1218768,1065775,1368140,361120,677345,430861,919743,1922542,165539
2022-12-05 13:45:00-05:00,1670459,1795996,1832731,502567,1062153,417516,941761,2106593,161157
2022-12-05 14:00:00-05:00,1641181,1468019,1533726,469592,1159176,443813,869672,2131526,188623
2022-12-05 14:15:00-05:00,1125638,1033250,1356011,490368,667521,544832,786921,1962080,275678
2022-12-05 14:30:00-05:00,1342478,1680200,2148757,363828,1067257,504239,960351,2201678,288420
2022-12-05 14:45:00-05:00,1170657,1514091,1478733,395459,777840,422419,1060632,2787585,272200
2022-12-05 15:00:00-05:00,1443406,1351813,1994381,536774,1055931,720663,913591,2597493,251881
2022-12-05 15:15:00-05:00,1852063,1147802,1996062,587704,985251,559029,978881,2274148,247105
2022-12-05 15:30:00-05:00,2048608,2020065,2397774,818141,1186730,840044,1231972,3671910,379083
2022-12-05 15:45:00-05:00,4346338,2539398,4637638,1700188,2139235,1777528,1889499,5174073,1241455
2022-12-05 16:00:00-05:00,0,0,0,0,0,0,0,0,0
2022-12-05 16:15:00-05:00,0,0,0,0,0,0,0,0,0
2022-12-05 16:30:00-05:00,0,0,0,0,0,0,0,0,0
2022-12-05 16:45:00-05:00,0,0,0,0,0,0,0,0,0
2022-12-05 17:00:00-05:00,0,0,0,0,0,0,0,0,0
2022-12-05 17:15:00-05:00,0,0,0,0,0,0,0,0,0
2022-12-05 17:30:00-05:00,0,0,0,0,0,0,0,0,0
2022-12-05 17:45:00-05:00,0,0,0,0,0,0,0,0,0
2022-12-05 18:00:00-05:00,0,0,0,0,0,0,0,0,0
2022-12-05 18:15:00-05:00,0,0,0,0,0,0,0,0,0
2022-12-05 18:30:00-05:00,0,0,0,0,0,0,0,0,0
2022-12-05 18:45:00-05:00,0,0,0,0,0,0,0,0,0
2022-12-06 04:00:00-05:00,0,0,0,0,0,0,0,0,0
2022-12-06 04:15:00-05:00,0,0,0,0,0,0,0,0,0
2022-12-06 04:30:00-05:00,0,0,0,0,0,0,0,0,0
2022-12-06 04:45:00-05:00,0,0,0,0,0,0,0,0,0
2022-12-06 05:00:00-05:00,0,0,0,0,0,0,0,0,0
2022-12-06 05:15:00-05:00,0,0,0,0,0,0,0,0,0
2022-12-06 05:30:00-05:00,0,0,0,0,0,0,0,0,0
2022-12-06 05:45:00-05:00,0,0,0,0,0,0,0,0,0
2022-12-06 06:00:00-05:00,0,0,0,0,0,0,0,0,0
2022-12-06 06:15:00-05:00,0,0,0,0,0,0,0,0,0
2022-12-06 06:30:00-05:00,0,0,0,0,0,0,0,0,0
2022-12-06 06:45:00-05:00,0,0,0,0,0,0,0,0,0
2022-12-06 07:00:00-05:00,0,0,0,0,0,0,0,0,0
2022-12-06 07:15:00-05:00,0,0,0,0,0,0,0,0,0
2022-12-06 07:30:00-05:00,0,0,0,0,0,0,0,0,0
2022-12-06 07:45:00-05:00,0,0,0,0,0,0,0,0,0
2022-12-06 08:00:00-05:00,0,0,0,0,0,0,0,0,0
2022-12-06 08:15:00-05:00,0,0,0,0,0,0,0,0,0
2022-12-06 08:30:00-05:00,0,0,0,0,0,0,0,0,0
2022-12-06 08:45:00-05:00,0,0,0,0,0,0,0,0,0
2022-12-06 09:00:00-05:00,0,0,0,0,0,0,0,0,0
2022-12-06 09:30:00-05:00,4373754,5018103,7485716,1637656,4884643,1524261,2166987,10665981,1860183
2022-12-06 09:45:00-05:00,3036173,4314793,6193063,794411,2919401,1115433,1662286,7478437,1242390
2022-12-06 10:00:00-05:00,3005300,3469070,4849639,951586,2996258,868044,1809161,6106870,836850
2022-12-06 10:15:00-05:00,2012235,3534479,2956649,683696,1783398,542522,1495689,4958842,767431
2022-12-06 10:30:00-05:00,2757985,3771205,2789578,729243,1585817,717938,2436263,3316631,650058
2022-12-06 10:45:00-05:00,1649410,2514134,2129808,733506,1498618,433440,1407792,2743887,450846
2022-12-06 11:00:00-05:00,1897160,1860481,2420874,968158,2999967,467745,1147851,3172273,337381
2022-12-06 11:15:00-05:00,1907710,1723562,2275593,702180,2443283,470418,1278440,4588455,364890
2022-12-06 11:30:00-05:00,1821994,2652138,1944949,433287,1454237,436434,1066232,3163165,301095
2022-12-06 11:45:00-05:00,1214687,1963289,1673713,475913,861723,710374,884700,2968962,339558
2022-12-06 12:00:00-05:00,1168097,1107806,1502851,355584,814557,818012,974765,2688181,223919
2022-12-06 12:15:00-05:00,1559104,2501011,2083671,614167,810420,826817,1471917,2675541,292313
2022-12-06 12:30:00-05:00,1007504,1218416,1427134,389919,739754,557883,1040668,2518233,234409
2022-12-06 12:45:00-05:00,1109708,988053,1244862,465432,853019,547530,864275,1774570,226998
2022-12-06 13:00:00-05:00,2207793,1430996,1426845,368749,982761,530669,921370,2194360,246234
2022-12-06 13:15:00-05:00,1350531,1251622,1881051,360139,854309,374747,601561,1573797,207370
2022-12-06 13:30:00-05:00,2298827,1504640,1699759,546380,873513,486443,829973,3057692,167392
2022-12-06 13:45:00-05:00,1176166,1724345,1345679,401895,814105,387016,691645,2062294,145951
2022-12-06 14:00:00-05:00,2069044,1738913,1757393,421374,858243,391886,835166,2125860,257280
2022-12-06 14:15:00-05:00,1790208,2509044,2100959,474818,1190301,403803,1211367,3984481,227108
2022-12-06 14:30:00-05:00,2311211,2188405,2855313,536922,1168750,554130,1300545,1994167,453078
2022-12-06 14:45:00-05:00,1546255,1594784,1854709,418391,953507,390296,919133,2131551,367578
2022-12-06 15:00:00-05:00,1954636,2048516,2013160,468520,976254,460368,1044500,2331097,379836
2022-12-06 15:15:00-05:00,2364905,2225103,2179434,521888,1563541,754778,1355329,2235977,592462
2022-12-06 15:30:00-05:00,3056097,2876384,2886013,811438,1466075,932029,1439808,2825919,520035
2022-12-06 15:45:00-05:00,4747491,4152628,5123886,1518754,2744097,1913865,2254936,4492715,1389900
2022-12-06 16:00:00-05:00,0,0,0,0,0,0,0,0,0
2022-12-06 16:15:00-05:00,0,0,0,0,0,0,0,0,0
2022-12-06 16:30:00-05:00,0,0,0,0,0,0,0,0,0
2022-12-06 16:45:00-05:00,0,0,0,0,0,0,0,0,0
2022-12-06 17:00:00-05:00,0,0,0,0,0,0,0,0,0
2022-12-06 17:15:00-05:00,0,0,0,0,0,0,0,0,0
2022-12-06 17:30:00-05:00,0,0,0,0,0,0,0,0,0
2022-12-06 17:45:00-05:00,0,0,0,0,0,0,0,0,0
2022-12-06 18:00:00-05:00,0,0,0,0,0,0,0,0,0
2022-12-06 18:15:00-05:00,0,0,0,0,0,0,0,0,0
2022-12-06 18:30:00-05:00,0,0,0,0,0,0,0,0,0
2022-12-06 18:45:00-05:00,0,0,0,0,0,0,0,0,0
2022-12-07 04:00:00-05:00,0,0,0,0,0,0,0,0,0
2022-12-07 04:15:00-05:00,0,0,0,0,0,0,0,0,0
2022-12-07 04:30:00-05:00,0,0,0,0,0,0,0,0,0
2022-12-07 04:45:00-05:00,0,0,0,0,0,0,0,0,0
2022-12-07 05:00:00-05:00,0,0,0,0,0,0,0,0,0
2022-12-07 05:15:00-05:00,0,0,0,0,0,0,0,0,0
2022-12-07 05:30:00-05:00,0,0,0,0,0,0,0,0,0
2022-12-07 05:45:00-05:00,0,0,0,0,0,0,0,0,0
2022-12-07 06:00:00-05:00,0,0,0,0,0,0,0,0,0
2022-12-07 06:15:00-05:00,0,0,0,0,0,0,0,0,0
2022-12-07 06:30:00-05:00,0,0,0,0,0,0,0,0,0
2022-12-07 06:45:00-05:00,0,0,0,0,0,0,0,0,0
2022-12-07 07:00:00-05:00,0,0,0,0,0,0,0,0,0
2022-12-07 07:15:00-05:00,0,0,0,0,0,0,0,0,0
2022-12-07 07:30:00-05:00,0,0,0,0,0,0,0,0,0
2022-12-07 07:45:00-05:00,0,0,0,0,0,0,0,0,0
2022-12-07 08:00:00-05:00,0,0,0,0,0,0,0,0,0
2022-12-07 08:15:00-05:00,0,0,0,0,0,0,0,0,0
2022-12-07 08:30:00-05:00,0,0,0,0,0,0,0,0,0
2022-12-07 08:45:00-05:00,0,0,0,0,0,0,0,0,0
2022-12-07 09:00:00-05:00,0,0,0,0,0,0,0,0,0
2022-12-07 09:30:00-05:00,6985489,6260654,8027771,1463062,4057603,1534998,3442450,9596572,1570527
2022-12-07 09:45:00-05:00,4472029,4297131,4334017,778670,1749175,783623,1813867,7411428,633373
2022-12-07 10:00:00-05:00,4533095,4134775,5541706,1672673,2155486,1069027,2235790,6011659,699305
2022-12-07 10:15:00-05:00,2693707,2544744,2969721,1214031,1358971,564704,1628803,5481157,327312
2022-12-07 10:30:00-05:00,2405848,2206457,2575927,769735,977912,555003,1164581,4472462,328187
2022-12-07 10:45:00-05:00,2512023,3311648,3365922,730431,1087047,649306,1323867,3888505,374876
2022-12-07 11:00:00-05:00,2215413,3233435,2800490,855527,1112464,1041626,1905614,3670308,475454
2022-12-07 11:15:00-05:00,1825374,1990950,2772497,581982,1084757,580023,1429168,2867432,452062
2022-12-07 11:30:00-05:00,1638575,1882644,1850192,461893,1191070,380646,1086904,2487354,328036
2022-12-07 11:45:00-05:00,1502076,2116778,1567259,614609,542347,323818,1115413,2718079,264811
2022-12-07 12:00:00-05:00,1613249,1621773,1246927,579476,479018,398055,963001,2234459,368225
2022-12-07 12:15:00-05:00,1404570,1208939,1098706,602524,417774,304810,769314,1449253,201228
2022-12-07 12:30:00-05:00,1350711,1083025,1295867,810015,531759,382601,885245,1776330,166619
2022-12-07 12:45:00-05:00,1173326,1285088,1504865,446721,569099,537227,1065947,2178343,189569
2022-12-07 13:00:00-05:00,1422224,1800930,1584457,568817,679772,545508,1316138,2410092,345403
2022-12-07 13:15:00-05:00,1281927,1465131,1479898,402517,439243,336912,1235143,1474675,151220
2022-12-07 13:30:00-05:00,1180172,1294806,1647439,604468,405223,329598,882407,1672614,167855
2022-12-07 13:45:00-05:00,945150,1523471,1567732,517102,540084,276305,903138,1649552,166361
2022-12-07 14:00:00-05:00,1623175,1919728,1586752,580942,570870,422179,1319557,1872293,170213
2022-12-07 14:15:00-05:00,1291538,1611966,1057514,464596,422079,501847,1281570,1696799,191344
2022-12-07 14:30:00-05:00,1326170,1397664,1325092,473127,522395,284546,1109914,1860414,204106
2022-12-07 14:45:00-05:00,1324038,1200693,869611,890515,504640,362534,798421,1974237,212063
2022-12-07 15:00:00-05:00,2491125,1349306,1478125,481576,657801,602147,1043755,1788716,191778
2022-12-07 15:15:00-05:00,3240848,1422151,1444438,710595,683610,420173,1058996,2591473,263309
2022-12-07 15:30:00-05:00,2639542,1811532,1966500,844661,687767,565371,1612865,2291497,400273
2022-12-07 15:45:00-05:00,4550152,2706298,3450526,2220697,1498783,1305604,1986343,4081047,894169
2022-12-07 16:00:00-05:00,0,0,0,0,0,0,0,0,0
2022-12-07 16:15:00-05:00,0,0,0,0,0,0,0,0,0
2022-12-07 16:30:00-05:00,0,0,0,0,0,0,0,0,0
2022-12-07 16:45:00-05:00,0,0,0,0,0,0,0,0,0
2022-12-07 17:00:00-05:00,0,0,0,0,0,0,0,0,0
2022-12-07 17:15:00-05:00,0,0,0,0,0,0,0,0,0
2022-12-07 17:30:00-05:00,0,0,0,0,0,0,0,0,0
2022-12-07 17:45:00-05:00,0,0,0,0,0,0,0,0,0
2022-12-07 18:00:00-05:00,0,0,0,0,0,0,0,0,0
2022-12-07 18:15:00-05:00,0,0,0,0,0,0,0,0,0
2022-12-07 18:30:00-05:00,0,0,0,0,0,0,0,0,0
2022-12-07 18:45:00-05:00,0,0,0,0,0,0,0,0,0
2022-12-08 04:00:00-05:00,0,0,0,0,0,0,0,0,0
2022-12-08 04:15:00-05:00,0,0,0,0,0,0,0,0,0
2022-12-08 04:30:00-05:00,0,0,0,0,0,0,0,0,0
2022-12-08 04:45:00-05:00,0,0,0,0,0,0,0,0,0
2022-12-08 05:00:00-05:00,0,0,0,0,0,0,0,0,0
2022-12-08 05:15:00-05:00,0,0,0,0,0,0,0,0,0
2022-12-08 05:30:00-05:00,0,0,0,0,0,0,0,0,0
2022-12-08 05:45:00-05:00,0,0,0,0,0,0,0,0,0
2022-12-08 06:00:00-05:00,0,0,0,0,0,0,0,0,0
2022-12-08 06:15:00-05:00,0,0,0,0,0,0,0,0,0
2022-12-08 06:30:00-05:00,0,0,0,0,0,0,0,0,0
2022-12-08 06:45:00-05:00,0,0,0,0,0,0,0,0,0
2022-12-08 07:00:00-05:00,0,0,0,0,0,0,0,0,0
2022-12-08 07:15:00-05:00,0,0,0,0,0,0,0,0,0
2022-12-08 07:30:00-05:00,0,0,0,0,0,0,0,0,0
2022-12-08 07:45:00-05:00,0,0,0,0,0,0,0,0,0
2022-12-08 08:00:00-05:00,0,0,0,0,0,0,0,0,0
2022-12-08 08:15:00-05:00,0,0,0,0,0,0,0,0,0
2022-12-08 08:30:00-05:00,0,0,0,0,0,0,0,0,0
2022-12-08 08:45:00-05:00,0,0,0,0,0,0,0,0,0
2022-12-08 09:00:00-05:00,0,0,0,0,0,0,0,0,0
2022-12-08 09:30:00-05:00,5344471,5142351,6529952,1831751,3624499,1648126,3658279,10988131,1118816
2022-12-08 09:45:00-05:00,2999574,3940588,5881690,1217184,1892855,1144599,2953433,7724196,810033
2022-12-08 10:00:00-05:00,2678886,3762059,5680839,1187829,1435096,902358,3503076,6490827,943505
2022-12-08 10:15:00-05:00,2808934,3298872,3686664,1030857,1119003,970197,3210163,4525376,487735
2022-12-08 10:30:00-05:00,2547161,2987731,3113806,844000,1183394,714343,3134408,4044491,438521
2022-12-08 10:45:00-05:00,1721628,2072806,2590194,672047,1397336,630965,2328016,3636111,428628
2022-12-08 11:00:00-05:00,2088612,1853319,2971378,922739,1596929,508832,1574515,4609058,399120
2022-12-08 11:15:00-05:00,1956534,1854695,2492188,672980,1456346,501001,1676775,3291231,318935
2022-12-08 11:30:00-05:00,1433922,1390812,1641958,630369,855967,513069,1278407,5162628,253161
2022-12-08 11:45:00-05:00,1459765,1180377,1687125,990215,1151475,495824,1293129,2589191,311099
2022-12-08 12:00:00-05:00,1529113,1924653,2004617,469761,487878,411248,1032376,2680498,284264
2022-12-08 12:15:00-05:00,1267485,1613178,2307077,527602,539000,391633,958718,2107433,184253
2022-12-08 12:30:00-05:00,1182258,1412202,1313831,477883,572066,390610,872628,2272909,289970
2022-12-08 12:45:00-05:00,1138826,1202656,1400553,520935,521490,392236,1058619,2495398,164272
2022-12-08 13:00:00-05:00,1018707,1284931,1129472,440521,428280,365683,1387375,2764259,229579
2022-12-08 13:15:00-05:00,994982,1388038,1338832,450460,449587,393532,1435808,2619253,362616
2022-12-08 13:30:00-05:00,1505954,1746528,2058508,652747,1532717,639837,1080650,2952851,240643
2022-12-08 13:45:00-05:00,1170119,1457394,1314093,634659,448593,476540,854576,2121678,148964
2022-12-08 14:00:00-05:00,3857655,1779939,2650457,705638,912426,984776,1395757,2898886,271398
2022-12-08 14:15:00-05:00,1580235,1296586,1336143,513411,325619,748020,1263600,2436468,267191
2022-12-08 14:30:00-05:00,1618497,1224612,1359973,517051,455229,612222,1051418,2573051,162930
2022-12-08 14:45:00-05:00,1579770,1346034,1866449,650667,663776,502806,2130971,3675643,177115
2022-12-08 15:00:00-05:00,1697272,1574049,1598702,761787,622867,743024,1394725,2459454,238732
2022-12-08 15:15:00-05:00,1633547,1670085,1779614,868509,780893,608814,1811799,2496951,252954
2022-12-08 15:30:00-05:00,1806781,2356317,2182535,927621,681089,689170,1950437,2759293,400794
2022-12-08 15:45:00-05:00,3914183,3432982,3675294,2601084,1515184,1733348,3550566,3028087,1158413
2022-12-08 16:00:00-05:00,0,0,0,0,0,0,0,0,0
2022-12-08 16:15:00-05:00,0,0,0,0,0,0,0,0,0
2022-12-08 16:30:00-05:00,0,0,0,0,0,0,0,0,0
2022-12-08 16:45:00-05:00,0,0,0,0,0,0,0,0,0
2022-12-08 17:00:00-05:00,0,0,0,0,0,0,0,0,0
2022-12-08 17:15:00-05:00,0,0,0,0,0,0,0,0,0
2022-12-08 17:30:00-05:00,0,0,0,0,0,0,0,0,0
2022-12-08 17:45:00-05:00,0,0,0,0,0,0,0,0,0
2022-12-08 18:00:00-05:00,0,0,0,0,0,0,0,0,0
2022-12-08 18:15:00-05:00,0,0,0,0,0,0,0,0,0
2022-12-08 18:30:00-05:00,0,0,0,0,0,0,0,0,0
2022-12-08 18:45:00-05:00,0,0,0,0,0,0,0,0,0
2022-12-09 04:00:00-05:00,0,0,0,0,0,0,0,0,0
2022-12-09 04:15:00-05:00,0,0,0,0,0,0,0,0,0
2022-12-09 04:30:00-05:00,0,0,0,0,0,0,0,0,0
2022-12-09 04:45:00-05:00,0,0,0,0,0,0,0,0,0
2022-12-09 05:00:00-05:00,0,0,0,0,0,0,0,0,0
2022-12-09 05:15:00-05:00,0,0,0,0,0,0,0,0,0
2022-12-09 05:30:00-05:00,0,0,0,0,0,0,0,0,0
2022-12-09 05:45:00-05:00,0,0,0,0,0,0,0,0,0
2022-12-09 06:00:00-05:00,0,0,0,0,0,0,0,0,0
2022-12-09 06:15:00-05:00,0,0,0,0,0,0,0,0,0
2022-12-09 06:30:00-05:00,0,0,0,0,0,0,0,0,0
2022-12-09 06:45:00-05:00,0,0,0,0,0,0,0,0,0
2022-12-09 07:00:00-05:00,0,0,0,0,0,0,0,0,0
2022-12-09 07:15:00-05:00,0,0,0,0,0,0,0,0,0
2022-12-09 07:30:00-05:00,0,0,0,0,0,0,0,0,0
2022-12-09 07:45:00-05:00,0,0,0,0,0,0,0,0,0
2022-12-09 08:00:00-05:00,0,0,0,0,0,0,0,0,0
2022-12-09 08:15:00-05:00,0,0,0,0,0,0,0,0,0
2022-12-09 08:30:00-05:00,0,0,0,0,0,0,0,0,0
2022-12-09 08:45:00-05:00,0,0,0,0,0,0,0,0,0
2022-12-09 09:00:00-05:00,0,0,0,0,0,0,0,0,0
2022-12-09 09:30:00-05:00,5754674,7137338,8534149,1783943,2349704,1370194,6094197,12827030,2417480
2022-12-09 09:45:00-05:00,2614355,3692004,3759881,1086883,1164532,568034,2913507,7828516,1014733
2022-12-09 10:00:00-05:00,3407200,3740602,3539008,1286728,1330215,987446,3124895,7325595,958939
2022-12-09 10:15:00-05:00,1986863,2548646,2685211,823126,984858,638176,1702424,5023910,593529
2022-12-09 10:30:00-05:00,2627425,2740419,2587605,670698,794537,964007,2139825,6189307,423728
2022-12-09 10:45:00-05:00,3070569,2241168,2531949,818682,1171065,814483,1786581,5193293,526459
2022-12-09 11:00:00-05:00,3302215,3357710,2313284,749325,1761325,930092,2181834,4626400,658697
2022-12-09 11:15:00-05:00,2598617,2759740,1852675,783943,797281,695987,1205785,3522171,503732
2022-12-09 11:30:00-05:00,2307135,2378871,2008509,480988,812040,684221,1643615,2617252,480747
2022-12-09 11:45:00-05:00,2836411,1624288,1701131,479470,619641,507769,1454401,2499616,322348
2022-12-09 12:00:00-05:00,2200531,1246307,1582530,552543,708143,413450,1195446,2470403,370824
2022-12-09 12:15:00-05:00,1833209,1213903,1230571,353654,646091,582035,1033002,2296590,251380
2022-12-09 12:30:00-05:00,1406140,981981,1230933,455334,768571,362162,981701,2867163,244786
2022-12-09 12:45:00-05:00,1368232,1096360,1338429,361628,745976,278083,964637,3021206,191174
2022-12-09 13:00:00-05:00,2074071,1733744,2065420,539893,696225,456837,1474221,3649860,221511
2022-12-09 13:15:00-05:00,1453721,1429994,1475734,370028,634989,285685,1347212,3313002,224240
2022-12-09 13:30:00-05:00,1358301,1298926,1364212,468729,524600,270627,1013706,3303422,183088
2022-12-09 13:45:00-05:00,1093280,922875,1093386,360722,633999,259511,753221,1990893,147870
2022-12-09 14:00:00-05:00,1581091,2123267,1370490,489866,628159,399617,882598,2294784,201682
2022-12-09 14:15:00-05:00,1189948,973706,1275524,377347,411962,300658,822429,2569456,193599
2022-12-09 14:30:00-05:00,1236516,995005,1151211,345618,391114,244413,869375,2485821,179382
2022-12-09 14:45:00-05:00,1293663,872926,1047444,349889,445180,246186,818835,2110001,250772
2022-12-09 15:00:00-05:00,1546268,1008962,1397293,547058,623765,410691,832090,2360830,191429
2022-12-09 15:15:00-05:00,1683147,1227475,1285022,521784,493351,552492,981643,2365999,244285
2022-12-09 15:30:00-05:00,2597444,2199633,1970193,831881,703757,667959,1984340,2913501,537517
2022-12-09 15:45:00-05:00,5688749,4014141,4314000,1879371,1676098,1398671,3010349,4512364,1402720
2022-12-09 16:00:00-05:00,0,0,0,0,0,0,0,0,0
2022-12-09 16:15:00-05:00,0,0,0,0,0,0,0,0,0
2022-12-09 16:30:00-05:00,0,0,0,0,0,0,0,0,0
2022-12-09 16:45:00-05:00,0,0,0,0,0,0,0,0,0
2022-12-09 17:00:00-05:00,0,0,0,0,0,0,0,0,0
2022-12-09 17:15:00-05:00,0,0,0,0,0,0,0,0,0
2022-12-09 17:30:00-05:00,0,0,0,0,0,0,0,0,0
2022-12-09 17:45:00-05:00,0,0,0,0,0,0,0,0,0
2022-12-09 18:00:00-05:00,0,0,0,0,0,0,0,0,0
2022-12-09 18:15:00-05:00,0,0,0,0,0,0,0,0,0
2022-12-09 18:30:00-05:00,0,0,0,0,0,0,0,0,0
2022-12-12 04:00:00-05:00,0,0,0,0,0,0,0,0,0
2022-12-12 04:15:00-05:00,0,0,0,0,0,0,0,0,0
2022-12-12 04:30:00-05:00,0,0,0,0,0,0,0,0,0
2022-12-12 04:45:00-05:00,0,0,0,0,0,0,0,0,0
2022-12-12 05:00:00-05:00,0,0,0,0,0,0,0,0,0
2022-12-12 05:15:00-05:00,0,0,0,0,0,0,0,0,0
2022-12-12 05:30:00-05:00,0,0,0,0,0,0,0,0,0
2022-12-12 05:45:00-05:00,0,0,0,0,0,0,0,0,0
2022-12-12 06:00:00-05:00,0,0,0,0,0,0,0,0,0
2022-12-12 06:15:00-05:00,0,0,0,0,0,0,0,0,0
2022-12-12 06:30:00-05:00,0,0,0,0,0,0,0,0,0
2022-12-12 06:45:00-05:00,0,0,0,0,0,0,0,0,0
2022-12-12 07:00:00-05:00,0,0,0,0,0,0,0,0,0
2022-12-12 07:15:00-05:00,0,0,0,0,0,0,0,0,0
2022-12-12 07:30:00-05:00,0,0,0,0,0,0,0,0,0
2022-12-12 07:45:00-05:00,0,0,0,0,0,0,0,0,0
2022-12-12 08:00:00-05:00,0,0,0,0,0,0,0,0,0
2022-12-12 08:15:00-05:00,0,0,0,0,0,0,0,0,0
2022-12-12 08:30:00-05:00,0,0,0,0,0,0,0,0,0
2022-12-12 08:45:00-05:00,0,0,0,0,0,0,0,0,0
2022-12-12 09:00:00-05:00,0,0,0,0,0,0,0,0,0
2022-12-12 09:30:00-05:00,4629572,4457194,4650735,1689135,1578504,2170100,3357920,10072917,2009159
2022-12-12 09:45:00-05:00,3122525,2755526,2855377,1077242,857270,2387495,2561652,5982664,656365
2022-12-12 10:00:00-05:00,2471747,3709704,2280645,1002924,919177,1342850,3267615,5362829,547308
2022-12-12 10:15:00-05:00,2190115,2276267,2368773,865965,1010154,978972,2026230,4432186,305690
2022-12-12 10:30:00-05:00,2171506,1986548,2842579,1091634,726379,1022281,1892333,4088654,219586
2022-12-12 10:45:00-05:00,4054473,1812912,2236583,1219184,535163,1227723,1499336,3634182,305121
2022-12-12 11:00:00-05:00,2322097,3226987,2140168,997527,937699,967416,1628224,3605086,293712
2022-12-12 11:15:00-05:00,1319131,1956576,1555581,833627,573980,732075,1135227,2775197,431169
2022-12-12 11:30:00-05:00,1347228,2366863,1208723,1095485,528728,671858,1992260,2535795,317411
2022-12-12 11:45:00-05:00,1501174,2207360,1422564,631690,574114,546140,1293111,2833578,248674
2022-12-12 12:00:00-05:00,1354641,1805367,1048305,645445,570530,573243,1117555,3013887,221925
2022-12-12 12:15:00-05:00,1035753,2515478,1448668,487981,526741,608236,1005937,1961472,249867
2022-12-12 12:30:00-05:00,1357301,2139355,1155895,475033,456735,566789,1075358,2181703,163670
2022-12-12 12:45:00-05:00,1059668,2268382,1035684,439670,494620,442032,778796,2277524,198057
2022-12-12 13:00:00-05:00,1831028,1909528,1637006,686816,629613,703468,1262413,3632033,291217
2022-12-12 13:15:00-05:00,966486,1285711,1150008,785528,442453,446348,993635,3789258,183026
2022-12-12 13:30:00-05:00,1053633,1203731,941667,574238,394594,428272,1027243,3350376,158836
2022-12-12 13:45:00-05:00,1619252,1190737,1372688,518185,522816,517197,1140109,4266505,189499
2022-12-12 14:00:00-05:00,1425262,1157651,2193282,436244,537377,519249,1012615,4570454,196086
2022-12-12 14:15:00-05:00,1235885,1026382,1125024,605539,910112,483855,772288,3005279,214895
2022-12-12 14:30:00-05:00,1991138,1307413,1419528,538214,596884,557290,779746,3074530,285275
2022-12-12 14:45:00-05:00,2650121,1687536,1412521,691118,729116,584613,2113619,3841774,346187
2022-12-12 15:00:00-05:00,2149169,2760835,1910788,1062057,882315,864474,2077303,3882256,503574
2022-12-12 15:15:00-05:00,2266251,2267692,2224705,1199798,964582,971045,1557756,3128895,369353
2022-12-12 15:30:00-05:00,2200643,2189263,2507776,1094904,723765,935484,1680414,3964025,421504
2022-12-12 15:45:00-05:00,7619174,3736334,6906062,2527956,1683367,2344230,3363064,7690280,1226071
2022-12-12 16:00:00-05:00,0,0,0,0,0,0,0,0,0
2022-12-12 16:15:00-05:00,0,0,0,0,0,0,0,0,0
2022-12-12 16:30:00-05:00,0,0,0,0,0,0,0,0,0
2022-12-12 16:45:00-05:00,0,0,0,0,0,0,0,0,0
2022-12-12 17:00:00-05:00,0,0,0,0,0,0,0,0,0
2022-12-12 17:15:00-05:00,0,0,0,0,0,0,0,0,0
2022-12-12 17:30:00-05:00,0,0,0,0,0,0,0,0,0
2022-12-12 17:45:00-05:00,0,0,0,0,0,0,0,0,0
2022-12-12 18:00:00-05:00,0,0,0,0,0,0,0,0,0
2022-12-12 18:15:00-05:00,0,0,0,0,0,0,0,0,0
2022-12-12 18:30:00-05:00,0,0,0,0,0,0,0,0,0
2022-12-12 18:45:00-05:00,0,0,0,0,0,0,0,0,0
2022-12-13 04:00:00-05:00,0,0,0,0,0,0,0,0,0
2022-12-13 04:15:00-05:00,0,0,0,0,0,0,0,0,0
2022-12-13 04:30:00-05:00,0,0,0,0,0,0,0,0,0
2022-12-13 04:45:00-05:00,0,0,0,0,0,0,0,0,0
2022-12-13 05:00:00-05:00,0,0,0,0,0,0,0,0,0
2022-12-13 05:15:00-05:00,0,0,0,0,0,0,0,0,0
2022-12-13 05:30:00-05:00,0,0,0,0,0,0,0,0,0
2022-12-13 05:45:00-05:00,0,0,0,0,0,0,0,0,0
2022-12-13 06:00:00-05:00,0,0,0,0,0,0,0,0,0
2022-12-13 06:15:00-05:00,0,0,0,0,0,0,0,0,0
2022-12-13 06:30:00-05:00,0,0,0,0,0,0,0,0,0
2022-12-13 06:45:00-05:00,0,0,0,0,0,0,0,0,0
2022-12-13 07:00:00-05:00,0,0,0,0,0,0,0,0,0
2022-12-13 07:15:00-05:00,0,0,0,0,0,0,0,0,0
2022-12-13 07:30:00-05:00,0,0,0,0,0,0,0,0,0
2022-12-13 07:45:00-05:00,0,0,0,0,0,0,0,0,0
2022-12-13 08:00:00-05:00,0,0,0,0,0,0,0,0,0
2022-12-13 08:15:00-05:00,0,0,0,0,0,0,0,0,0
2022-12-13 08:30:00-05:00,0,0,0,0,0,0,0,0,0
2022-12-13 08:45:00-05:00,0,0,0,0,0,0,0,0,0
2022-12-13 09:00:00-05:00,0,0,0,0,0,0,0,0,0
2022-12-13 09:30:00-05:00,10322310,9794098,15988411,3288073,4981172,4493525,9001387,18425456,2849653
2022-12-13 09:45:00-05:00,4350752,5034440,6161759,1742572,2735661,2035634,4380196,10674662,1114407
2022-12-13 10:00:00-05:00,4434843,4808314,5339694,1839551,2223513,1793764,4171472,13602857,958478
2022-12-13 10:15:00-05:00,4137871,3672340,3885306,1508466,1969732,1597103,3224964,9347488,881337
2022-12-13 10:30:00-05:00,3214674,3457050,3444964,1220103,1609343,1414569,2911278,10224686,621305
2022-12-13 10:45:00-05:00,3638311,2927094,2349157,1156265,1772842,1101787,2306145,7105020,458118
2022-12-13 11:00:00-05:00,2441820,2339545,2699913,950016,3060729,1428201,2277178,5139229,397647
2022-12-13 11:15:00-05:00,2544333,2314047,2067178,933289,3018811,1008228,1684759,4210986,384106
2022-12-13 11:30:00-05:00,2894516,1532083,1958205,792532,1410799,949933,1625096,4659010,342120
2022-12-13 11:45:00-05:00,3197745,2579202,2932068,1041382,1643375,1414488,2557736,9997865,521618
2022-12-13 12:00:00-05:00,2509920,1813065,2881820,735404,1052871,1045441,1983189,5329506,467804
2022-12-13 12:15:00-05:00,3414534,1841628,2898048,852998,1215240,1176556,1911225,5327048,324568
2022-12-13 12:30:00-05:00,2641065,1853071,2538077,657644,1041617,1059091,2020703,5383412,351147
2022-12-13 12:45:00-05:00,2339199,1757563,2026985,633012,692696,821791,1723505,4120281,388826
2022-12-13 13:00:00-05:00,1859365,1910842,1968917,625582,819599,837509,2103499,4599899,221963
2022-12-13 13:15:00-05:00,1854821,1794650,1787893,788112,755225,745803,1811796,5566208,219320
2022-12-13 13:30:00-05:00,1571895,1888261,2014062,724223,672232,529466,1597908,4513726,261755
2022-12-13 13:45:00-05:00,1616294,2054187,1655977,469077,690978,505251,1112892,4634518,199120
2022-12-13 14:00:00-05:00,3736412,1375310,1815002,541227,699155,564776,1126700,3221514,245707
2022-12-13 14:15:00-05:00,1734700,1204668,1926494,472677,559646,565280,950453,2998301,160108
2022-12-13 14:30:00-05:00,2427983,1585594,2328077,528468,982093,704464,1223595,3226367,236192
2022-12-13 14:45:00-05:00,2154795,1701349,3827052,511785,759296,713965,1467663,3406774,200152
2022-12-13 15:00:00-05:00,2568528,1853588,2239374,639948,802405,828572,1358916,3680816,292827
2022-12-13 15:15:00-05:00,2298837,1924869,2186398,731773,756322,847377,1521190,3931603,262562
2022-12-13 15:30:00-05:00,2651856,2102335,2468806,960163,1108111,1068040,3106308,7508255,476292
2022-12-13 15:45:00-05:00,4307297,3381239,4975995,3649404,2304150,3209195,2995162,10287671,1186488
2022-12-13 16:00:00-05:00,0,0,0,0,0,0,0,0,0
2022-12-13 16:15:00-05:00,0,0,0,0,0,0,0,0,0
2022-12-13 16:30:00-05:00,0,0,0,0,0,0,0,0,0
2022-12-13 16:45:00-05:00,0,0,0,0,0,0,0,0,0
2022-12-13 17:00:00-05:00,0,0,0,0,0,0,0,0,0
2022-12-13 17:15:00-05:00,0,0,0,0,0,0,0,0,0
2022-12-13 17:30:00-05:00,0,0,0,0,0,0,0,0,0
2022-12-13 17:45:00-05:00,0,0,0,0,0,0,0,0,0
2022-12-13 18:00:00-05:00,0,0,0,0,0,0,0,0,0
2022-12-13 18:15:00-05:00,0,0,0,0,0,0,0,0,0
2022-12-13 18:30:00-05:00,0,0,0,0,0,0,0,0,0
2022-12-13 18:45:00-05:00,0,0,0,0,0,0,0,0,0
2022-12-14 04:00:00-05:00,0,0,0,0,0,0,0,0,0
2022-12-14 04:15:00-05:00,0,0,0,0,0,0,0,0,0
2022-12-14 04:30:00-05:00,0,0,0,0,0,0,0,0,0
2022-12-14 04:45:00-05:00,0,0,0,0,0,0,0,0,0
2022-12-14 05:00:00-05:00,0,0,0,0,0,0,0,0,0
2022-12-14 05:15:00-05:00,0,0,0,0,0,0,0,0,0
2022-12-14 05:30:00-05:00,0,0,0,0,0,0,0,0,0
2022-12-14 05:45:00-05:00,0,0,0,0,0,0,0,0,0
2022-12-14 06:00:00-05:00,0,0,0,0,0,0,0,0,0
2022-12-14 06:15:00-05:00,0,0,0,0,0,0,0,0,0
2022-12-14 06:30:00-05:00,0,0,0,0,0,0,0,0,0
2022-12-14 06:45:00-05:00,0,0,0,0,0,0,0,0,0
2022-12-14 07:00:00-05:00,0,0,0,0,0,0,0,0,0
2022-12-14 07:15:00-05:00,0,0,0,0,0,0,0,0,0
2022-12-14 07:30:00-05:00,0,0,0,0,0,0,0,0,0
2022-12-14 07:45:00-05:00,0,0,0,0,0,0,0,0,0
2022-12-14 08:00:00-05:00,0,0,0,0,0,0,0,0,0
2022-12-14 08:15:00-05:00,0,0,0,0,0,0,0,0,0
2022-12-14 08:30:00-05:00,0,0,0,0,0,0,0,0,0
2022-12-14 08:45:00-05:00,0,0,0,0,0,0,0,0,0
2022-12-14 09:00:00-05:00,0,0,0,0,0,0,0,0,0
2022-12-14 09:30:00-05:00,3292398,3890414,4146425,1496855,2516091,1750406,3719499,15072357,1051709
2022-12-14 09:45:00-05:00,2443481,3421262,2512010,890778,924402,1507449,2862475,11030824,647835
2022-12-14 10:00:00-05:00,1921934,2696022,2430636,715399,1267943,1105660,2593996,6123987,560600
2022-12-14 10:15:00-05:00,2126859,2017587,2401889,548682,676795,705745,1956226,5114994,356171
2022-12-14 10:30:00-05:00,1789766,2222722,1573691,500656,747501,773215,1715846,6551766,306931
2022-12-14 10:45:00-05:00,2073319,1463516,1633242,590783,1374539,602549,1263832,6131391,249823
2022-12-14 11:00:00-05:00,3204424,1636059,2576679,899890,1265328,674883,1619039,4423063,325696
2022-12-14 11:15:00-05:00,1538565,1578231,2193678,911353,1714675,1719778,1113464,5214383,480206
2022-12-14 11:30:00-05:00,1529686,1310267,1348850,581695,891493,780162,976457,3924143,308617
2022-12-14 11:45:00-05:00,1028755,920539,1376581,443398,1109949,776941,704145,3884607,201665
2022-12-14 12:00:00-05:00,986591,1010312,1014481,498018,636878,651038,837584,4884328,304973
2022-12-14 12:15:00-05:00,1115267,1389124,1212616,455615,786368,607553,958795,3952877,218454
2022-12-14 12:30:00-05:00,994835,862334,1377158,408129,657536,757219,728503,3244632,198270
2022-12-14 12:45:00-05:00,932568,752233,1117892,418940,565663,550451,562971,3229618,263181
2022-12-14 13:00:00-05:00,1550033,962565,1767514,385713,632359,678083,850878,3280899,411263
2022-12-14 13:15:00-05:00,1588198,845356,1698488,357818,609306,791346,779872,2730647,287488
2022-12-14 13:30:00-05:00,1945983,1724555,2242120,461930,896602,697808,1275315,3168495,344682
2022-12-14 13:45:00-05:00,2782383,1199745,1217279,1186528,1257689,629110,715943,2832587,231987
2022-12-14 14:00:00-05:00,6733396,5594329,5502317,1671345,2541350,2885896,3980425,7949369,1029618
2022-12-14 14:15:00-05:00,3085674,2987781,2162163,669517,1375125,1105670,1871585,3334613,409700
2022-12-14 14:30:00-05:00,6632706,5774512,3969369,1620312,2323884,2474670,3013561,6337858,944543
2022-12-14 14:45:00-05:00,4543708,3278602,2440913,1373460,1550025,1439271,1975445,4104378,465144
2022-12-14 15:00:00-05:00,4592327,4464451,3487934,1045226,2104464,1897863,2766821,5036849,670344
2022-12-14 15:15:00-05:00,3418562,3317790,2550004,936739,1500538,1259929,2406120,5039193,522865
2022-12-14 15:30:00-05:00,3828109,3173137,2688997,983994,1349062,1305139,2094267,4373765,545272
2022-12-14 15:45:00-05:00,5158888,5111718,5470705,1875839,2081041,2495519,2762701,6943982,2355182
2022-12-14 16:00:00-05:00,0,0,0,0,0,0,0,0,0
2022-12-14 16:15:00-05:00,0,0,0,0,0,0,0,0,0
2022-12-14 16:30:00-05:00,0,0,0,0,0,0,0,0,0
2022-12-14 16:45:00-05:00,0,0,0,0,0,0,0,0,0
2022-12-14 17:00:00-05:00,0,0,0,0,0,0,0,0,0
2022-12-14 17:15:00-05:00,0,0,0,0,0,0,0,0,0
2022-12-14 17:30:00-05:00,0,0,0,0,0,0,0,0,0
2022-12-14 17:45:00-05:00,0,0,0,0,0,0,0,0,0
2022-12-14 18:00:00-05:00,0,0,0,0,0,0,0,0,0
2022-12-14 18:15:00-05:00,0,0,0,0,0,0,0,0,0
2022-12-14 18:30:00-05:00,0,0,0,0,0,0,0,0,0
2022-12-14 18:45:00-05:00,0,0,0,0,0,0,0,0,0
2022-12-15 04:00:00-05:00,0,0,0,0,0,0,0,0,0
2022-12-15 04:15:00-05:00,0,0,0,0,0,0,0,0,0
2022-12-15 04:30:00-05:00,0,0,0,0,0,0,0,0,0
2022-12-15 04:45:00-05:00,0,0,0,0,0,0,0,0,0
2022-12-15 05:00:00-05:00,0,0,0,0,0,0,0,0,0
2022-12-15 05:15:00-05:00,0,0,0,0,0,0,0,0,0
2022-12-15 05:30:00-05:00,0,0,0,0,0,0,0,0,0
2022-12-15 05:45:00-05:00,0,0,0,0,0,0,0,0,0
2022-12-15 06:00:00-05:00,0,0,0,0,0,0,0,0,0
2022-12-15 06:15:00-05:00,0,0,0,0,0,0,0,0,0
2022-12-15 06:30:00-05:00,0,0,0,0,0,0,0,0,0
2022-12-15 06:45:00-05:00,0,0,0,0,0,0,0,0,0
2022-12-15 07:00:00-05:00,0,0,0,0,0,0,0,0,0
2022-12-15 07:15:00-05:00,0,0,0,0,0,0,0,0,0
2022-12-15 07:30:00-05:00,0,0,0,0,0,0,0,0,0
2022-12-15 07:45:00-05:00,0,0,0,0,0,0,0,0,0
2022-12-15 08:00:00-05:00,0,0,0,0,0,0,0,0,0
2022-12-15 08:15:00-05:00,0,0,0,0,0,0,0,0,0
2022-12-15 08:30:00-05:00,0,0,0,0,0,0,0,0,0
2022-12-15 08:45:00-05:00,0,0,0,0,0,0,0,0,0
2022-12-15 09:00:00-05:00,0,0,0,0,0,0,0,0,0
2022-12-15 09:30:00-05:00,7573082,6285768,7939421,2181515,4738035,2363615,3967248,21651172,1584006
2022-12-15 09:45:00-05:00,4485729,3607648,4111010,1208607,1586824,1255996,2995343,11158754,1324322
2022-12-15 10:00:00-05:00,4247190,3539009,3481365,1234631,1612837,976431,2267578,8097000,971240
2022-12-15 10:15:00-05:00,3004472,2723294,2185787,796803,1054665,1297002,1791861,6188731,556285
2022-12-15 10:30:00-05:00,3130519,2750172,2863423,941677,907001,968525,1961111,5630449,490744
2022-12-15 10:45:00-05:00,2667388,2412851,2935432,713646,1021876,1025660,1296676,4552670,386248
2022-12-15 11:00:00-05:00,3462148,2256620,3079463,795632,918980,855833,1659552,3714149,442427
2022-12-15 11:15:00-05:00,3524933,2229211,2558514,693706,1158740,863539,1717816,3326246,443319
2022-12-15 11:30:00-05:00,2184504,1750598,2856657,720148,804775,709980,1350278,3449501,347787
2022-12-15 11:45:00-05:00,2506626,1527626,2484157,621406,849999,664923,1036694,3189613,488538
2022-12-15 12:00:00-05:00,1747303,1286947,2191856,585908,882797,748483,1497843,2633178,300078
2022-12-15 12:15:00-05:00,1748062,1496980,1807299,474702,624081,565606,1149129,3286031,334445
2022-12-15 12:30:00-05:00,1845379,1526011,1827117,476749,633319,535326,1109895,3181816,257558
2022-12-15 12:45:00-05:00,2212947,1337719,2017176,923432,643055,581935,906029,2362776,271340
2022-12-15 13:00:00-05:00,2751638,1420882,1687980,699306,958446,656578,936403,2681057,292164
2022-12-15 13:15:00-05:00,2092560,803909,1360252,428914,501075,583775,727143,2377278,298591
2022-12-15 13:30:00-05:00,2395521,1621878,1472102,552075,595620,458839,922212,2707273,319574
2022-12-15 13:45:00-05:00,2241496,1171800,1813941,699063,1245758,468089,971657,2482711,321290
2022-12-15 14:00:00-05:00,1908396,1164923,1780187,434806,811366,441442,1435931,2986097,253043
2022-12-15 14:15:00-05:00,2433842,1322987,1275387,421780,687873,479018,1799673,3369997,170333
2022-12-15 14:30:00-05:00,2579394,1687638,1879111,616484,810519,692917,2025692,2987077,289711
2022-12-15 14:45:00-05:00,2139262,1517038,6209609,528616,809729,1008217,1516405,2688303,253460
2022-12-15 15:00:00-05:00,2750202,1854493,2759855,733337,906345,3322724,1887316,3128957,358046
2022-12-15 15:15:00-05:00,4448008,1427921,1996588,768092,906354,999230,1661724,2341476,382408
2022-12-15 15:30:00-05:00,3729545,2145433,2611223,823975,1379613,1306437,2011100,2962286,700644
2022-12-15 15:45:00-05:00,8133057,4005865,6439227,2902043,3273631,3693541,2843912,4768069,1876994
2022-12-15 16:00:00-05:00,0,0,0,0,0,0,0,0,0
2022-12-15 16:15:00-05:00,0,0,0,0,0,0,0,0,0
2022-12-15 16:30:00-05:00,0,0,0,0,0,0,0,0,0
2022-12-15 16:45:00-05:00,0,0,0,0,0,0,0,0,0
2022-12-15 17:00:00-05:00,0,0,0,0,0,0,0,0,0
2022-12-15 17:15:00-05:00,0,0,0,0,0,0,0,0,0
2022-12-15 17:30:00-05:00,0,0,0,0,0,0,0,0,0
2022-12-15 17:45:00-05:00,0,0,0,0,0,0,0,0,0
2022-12-15 18:00:00-05:00,0,0,0,0,0,0,0,0,0
2022-12-15 18:15:00-05:00,0,0,0,0,0,0,0,0,0
2022-12-15 18:30:00-05:00,0,0,0,0,0,0,0,0,0
2022-12-15 18:45:00-05:00,0,0,0,0,0,0,0,0,0
2022-12-16 04:00:00-05:00,0,0,0,0,0,0,0,0,0
2022-12-16 04:15:00-05:00,0,0,0,0,0,0,0,0,0
2022-12-16 04:30:00-05:00,0,0,0,0,0,0,0,0,0
2022-12-16 04:45:00-05:00,0,0,0,0,0,0,0,0,0
2022-12-16 05:00:00-05:00,0,0,0,0,0,0,0,0,0
2022-12-16 05:15:00-05:00,0,0,0,0,0,0,0,0,0
2022-12-16 05:30:00-05:00,0,0,0,0,0,0,0,0,0
2022-12-16 05:45:00-05:00,0,0,0,0,0,0,0,0,0
2022-12-16 06:00:00-05:00,0,0,0,0,0,0,0,0,0
2022-12-16 06:15:00-05:00,0,0,0,0,0,0,0,0,0
2022-12-16 06:30:00-05:00,0,0,0,0,0,0,0,0,0
2022-12-16 06:45:00-05:00,0,0,0,0,0,0,0,0,0
2022-12-16 07:00:00-05:00,0,0,0,0,0,0,0,0,0
2022-12-16 07:15:00-05:00,0,0,0,0,0,0,0,0,0
2022-12-16 07:30:00-05:00,0,0,0,0,0,0,0,0,0
2022-12-16 07:45:00-05:00,0,0,0,0,0,0,0,0,0
2022-12-16 08:00:00-05:00,0,0,0,0,0,0,0,0,0
2022-12-16 08:15:00-05:00,0,0,0,0,0,0,0,0,0
2022-12-16 08:30:00-05:00,0,0,0,0,0,0,0,0,0
2022-12-16 08:45:00-05:00,0,0,0,0,0,0,0,0,0
2022-12-16 09:00:00-05:00,0,0,0,0,0,0,0,0,0
2022-12-16 09:30:00-05:00,21223947,5349016,14624779,6855238,9777850,9245580,5489460,12732128,1110541
2022-12-16 09:45:00-05:00,4413813,2392936,2983947,1101534,3828175,1142903,1654064,5320507,523246
2022-12-16 10:00:00-05:00,3987293,2168103,2851300,663776,2868966,854163,1558115,7332787,607114
2022-12-16 10:15:00-05:00,4121359,2280462,2447258,847785,2689408,864053,2129715,6088117,705513
2022-12-16 10:30:00-05:00,2920053,2759949,3800826,1120941,2017975,849777,2822702,6869000,671117
2022-12-16 10:45:00-05:00,2284947,1662414,1954172,656523,1856383,873978,1513726,4153969,361635
2022-12-16 11:00:00-05:00,2779435,2586502,2761340,680344,2334867,828673,1862420,4756742,348195
2022-12-16 11:15:00-05:00,2087029,1650520,1949076,544551,1362620,769464,1167015,5056542,311566
2022-12-16 11:30:00-05:00,2027689,1457105,1847646,564205,1043091,796405,1151262,5400484,323859
2022-12-16 11:45:00-05:00,2051814,1525791,2002056,618550,1035440,1233502,1190907,3749328,228350
2022-12-16 12:00:00-05:00,1731141,1406537,1792761,580213,959904,697235,1047778,3070990,199420
2022-12-16 12:15:00-05:00,1715098,1519628,1422078,525524,918446,572145,1036831,3318707,148199
2022-12-16 12:30:00-05:00,1852730,1265969,1612081,489728,1136082,713507,814797,3353321,152134
2022-12-16 12:45:00-05:00,1774438,1198232,1300006,408503,1170139,549593,891169,3504511,204329
2022-12-16 13:00:00-05:00,2132696,860294,1250409,693615,981574,599335,766655,2453622,219463
2022-12-16 13:15:00-05:00,2187490,956460,1410651,862193,755090,537354,690069,2621489,141561
2022-12-16 13:30:00-05:00,2224780,1238946,1453338,473359,818649,552815,863145,2496127,134621
2022-12-16 13:45:00-05:00,1792838,1078160,1087842,428462,617930,500852,938072,2581474,136842
2022-12-16 14:00:00-05:00,2167065,1212052,1561667,476141,748308,619698,866778,3023489,198516
2022-12-16 14:15:00-05:00,2317007,1018082,2048883,505042,677880,670655,781807,2760121,216427
2022-12-16 14:30:00-05:00,1838243,1101906,1948822,555891,987759,618155,723876,2594947,189290
2022-12-16 14:45:00-05:00,2435728,1290103,2165721,526628,1166370,666931,1086396,2612197,222908
2022-12-16 15:00:00-05:00,2651122,1595517,3058165,664996,1246608,814934,1215456,3122716,243026
2022-12-16 15:15:00-05:00,2570159,1593866,2392631,910774,1025522,1055992,1440481,3198319,296194
2022-12-16 15:30:00-05:00,3450058,2120880,3117450,988455,1479344,1417323,1457201,3328006,561673
2022-12-16 15:45:00-05:00,10155307,4500960,8887826,3336191,3542145,7936790,3320596,7178314,1872462
2022-12-16 16:00:00-05:00,0,0,0,0,0,0,0,0,0
2022-12-16 16:15:00-05:00,0,0,0,0,0,0,0,0,0
2022-12-16 16:30:00-05:00,0,0,0,0,0,0,0,0,0
2022-12-16 16:45:00-05:00,0,0,0,0,0,0,0,0,0
2022-12-16 17:00:00-05:00,0,0,0,0,0,0,0,0,0
2022-12-16 17:15:00-05:00,0,0,0,0,0,0,0,0,0
2022-12-16 17:30:00-05:00,0,0,0,0,0,0,0,0,0
2022-12-16 17:45:00-05:00,0,0,0,0,0,0,0,0,0
2022-12-16 18:00:00-05:00,0,0,0,0,0,0,0,0,0
2022-12-16 18:15:00-05:00,0,0,0,0,0,0,0,0,0
2022-12-16 18:30:00-05:00,0,0,0,0,0,0,0,0,0
2022-12-19 04:00:00-05:00,0,0,0,0,0,0,0,0,0
2022-12-19 04:15:00-05:00,0,0,0,0,0,0,0,0,0
2022-12-19 04:30:00-05:00,0,0,0,0,0,0,0,0,0
2022-12-19 04:45:00-05:00,0,0,0,0,0,0,0,0,0
2022-12-19 05:00:00-05:00,0,0,0,0,0,0,0,0,0
2022-12-19 05:15:00-05:00,0,0,0,0,0,0,0,0,0
2022-12-19 05:30:00-05:00,0,0,0,0,0,0,0,0,0
2022-12-19 05:45:00-05:00,0,0,0,0,0,0,0,0,0
2022-12-19 06:00:00-05:00,0,0,0,0,0,0,0,0,0
2022-12-19 06:15:00-05:00,0,0,0,0,0,0,0,0,0
2022-12-19 06:30:00-05:00,0,0,0,0,0,0,0,0,0
2022-12-19 06:45:00-05:00,0,0,0,0,0,0,0,0,0
2022-12-19 07:00:00-05:00,0,0,0,0,0,0,0,0,0
2022-12-19 07:15:00-05:00,0,0,0,0,0,0,0,0,0
2022-12-19 07:30:00-05:00,0,0,0,0,0,0,0,0,0
2022-12-19 07:45:00-05:00,0,0,0,0,0,0,0,0,0
2022-12-19 08:00:00-05:00,0,0,0,0,0,0,0,0,0
2022-12-19 08:15:00-05:00,0,0,0,0,0,0,0,0,0
2022-12-19 08:30:00-05:00,0,0,0,0,0,0,0,0,0
2022-12-19 08:45:00-05:00,0,0,0,0,0,0,0,0,0
2022-12-19 09:00:00-05:00,0,0,0,0,0,0,0,0,0
2022-12-19 09:30:00-05:00,5190946,4151652,5164209,1629824,3444306,1854917,2608220,17778012,1166155
2022-12-19 09:45:00-05:00,3403630,2136306,3211839,773481,1495933,1064841,1643063,7988104,660375
2022-12-19 10:00:00-05:00,3533390,1974027,3389020,1234570,1252274,1036911,1867922,6783344,382935
2022-12-19 10:15:00-05:00,3299825,2632679,2502854,970653,1032381,1062568,1646018,5105003,423004
2022-12-19 10:30:00-05:00,3438952,1955545,2212773,861401,1080824,953792,1437840,8234294,378693
2022-12-19 10:45:00-05:00,2464799,1872866,3061451,580604,889774,768280,1049516,5113733,293430
2022-12-19 11:00:00-05:00,3423469,2191199,4614635,627988,1020174,1100525,1313719,4535376,341467
2022-12-19 11:15:00-05:00,2069209,1750507,3074372,511947,1051721,1256543,1582915,3115349,229227
2022-12-19 11:30:00-05:00,2279176,1377355,2500616,798333,707498,932827,1404134,4722071,302693
2022-12-19 11:45:00-05:00,2166891,1376317,2129762,398202,658985,906882,1064704,3009066,291273
2022-12-19 12:00:00-05:00,2042342,1161063,1730851,456799,609162,703759,1164093,3590488,219776
2022-12-19 12:15:00-05:00,1510515,884868,1477243,416905,459018,663492,811981,3097452,192129
2022-12-19 12:30:00-05:00,1674524,856368,1810325,359681,807229,604044,1232325,4338501,164118
2022-12-19 12:45:00-05:00,1675925,987576,1825661,390046,704698,643155,1186281,5878266,185977
2022-12-19 13:00:00-05:00,1924026,939849,2068413,858332,616294,515407,749487,6495249,125520
2022-12-19 13:15:00-05:00,1201656,960970,1979760,922224,1049102,1023867,707185,5632300,193397
2022-12-19 13:30:00-05:00,1793928,939873,1583872,406388,831867,655451,752707,5198534,166725
2022-12-19 13:45:00-05:00,1255485,648737,1649332,357489,685151,486481,624774,3754444,177181
2022-12-19 14:00:00-05:00,1720985,1077218,3030034,526334,678174,701087,977280,4214999,262999
2022-12-19 14:15:00-05:00,1311934,858348,4175857,373418,609035,592649,793393,2932536,289784
2022-12-19 14:30:00-05:00,1489941,1107104,2265857,435758,542385,640820,821253,3818652,286642
2022-12-19 14:45:00-05:00,2391209,1702951,2759177,492449,709337,617485,1174807,4187202,216364
2022-12-19 15:00:00-05:00,2732685,1576904,2650126,566087,1026280,726532,1212354,3668090,248281
2022-12-19 15:15:00-05:00,2753903,1171848,3461349,605423,1031608,765625,1040422,2846754,291876
2022-12-19 15:30:00-05:00,3764575,1334899,3489612,1120549,1239207,1068617,1386047,4712420,339699
2022-12-19 15:45:00-05:00,6228479,3242334,6176679,1675594,1964623,2762024,2424622,4925383,1186324
2022-12-19 16:00:00-05:00,0,0,0,0,0,0,0,0,0
2022-12-19 16:15:00-05:00,0,0,0,0,0,0,0,0,0
2022-12-19 16:30:00-05:00,0,0,0,0,0,0,0,0,0
2022-12-19 16:45:00-05:00,0,0,0,0,0,0,0,0,0
2022-12-19 17:00:00-05:00,0,0,0,0,0,0,0,0,0
2022-12-19 17:15:00-05:00,0,0,0,0,0,0,0,0,0
2022-12-19 17:30:00-05:00,0,0,0,0,0,0,0,0,0
2022-12-19 17:45:00-05:00,0,0,0,0,0,0,0,0,0
2022-12-19 18:00:00-05:00,0,0,0,0,0,0,0,0,0
2022-12-19 18:15:00-05:00,0,0,0,0,0,0,0,0,0
2022-12-19 18:30:00-05:00,0,0,0,0,0,0,0,0,0
2022-12-19 18:45:00-05:00,0,0,0,0,0,0,0,0,0
2022-12-20 04:00:00-05:00,0,0,0,0,0,0,0,0,0
2022-12-20 04:15:00-05:00,0,0,0,0,0,0,0,0,0
2022-12-20 04:30:00-05:00,0,0,0,0,0,0,0,0,0
2022-12-20 04:45:00-05:00,0,0,0,0,0,0,0,0,0
2022-12-20 05:00:00-05:00,0,0,0,0,0,0,0,0,0
2022-12-20 05:15:00-05:00,0,0,0,0,0,0,0,0,0
2022-12-20 05:30:00-05:00,0,0,0,0,0,0,0,0,0
2022-12-20 05:45:00-05:00,0,0,0,0,0,0,0,0,0
2022-12-20 06:00:00-05:00,0,0,0,0,0,0,0,0,0
2022-12-20 06:15:00-05:00,0,0,0,0,0,0,0,0,0
2022-12-20 06:30:00-05:00,0,0,0,0,0,0,0,0,0
2022-12-20 06:45:00-05:00,0,0,0,0,0,0,0,0,0
2022-12-20 07:00:00-05:00,0,0,0,0,0,0,0,0,0
2022-12-20 07:15:00-05:00,0,0,0,0,0,0,0,0,0
2022-12-20 07:30:00-05:00,0,0,0,0,0,0,0,0,0
2022-12-20 07:45:00-05:00,0,0,0,0,0,0,0,0,0
2022-12-20 08:00:00-05:00,0,0,0,0,0,0,0,0,0
2022-12-20 08:15:00-05:00,0,0,0,0,0,0,0,0,0
2022-12-20 08:30:00-05:00,0,0,0,0,0,0,0,0,0
2022-12-20 08:45:00-05:00,0,0,0,0,0,0,0,0,0
2022-12-20 09:00:00-05:00,0,0,0,0,0,0,0,0,0
2022-12-20 09:30:00-05:00,9890728,4745626,7931146,1491550,2854900,2065727,3454236,18304469,1162339
2022-12-20 09:45:00-05:00,5071846,3942422,5153006,1089643,1910604,1142150,3346333,9819969,568279
2022-12-20 10:00:00-05:00,3715516,3068217,5591583,944507,1883696,1007598,2550932,6598834,661011
2022-12-20 10:15:00-05:00,5223045,2422058,3188546,886750,1182381,755874,1801130,5881266,367517
2022-12-20 10:30:00-05:00,3104598,2861240,3520296,683930,959667,825629,2293377,5043304,254707
2022-12-20 10:45:00-05:00,2330176,2241397,2938780,850677,1142817,1727052,1418328,7016861,210525
2022-12-20 11:00:00-05:00,2380825,2897504,3743298,1608204,1195828,1226999,2413714,8326350,217498
2022-12-20 11:15:00-05:00,2796914,1772883,2564338,577050,841298,744107,1436952,6766222,219365
2022-12-20 11:30:00-05:00,2416082,1408503,1813851,679449,490452,672017,1140759,5377178,240337
2022-12-20 11:45:00-05:00,2236242,2030234,1673165,558810,770853,680856,1098673,5331077,404214
2022-12-20 12:00:00-05:00,2008196,1376268,1809276,475532,754841,625117,1486031,4403026,258627
2022-12-20 12:15:00-05:00,1847455,1174899,1411854,379457,618994,512833,961538,3437925,217769
2022-12-20 12:30:00-05:00,1697779,1350811,1692183,429984,542579,480321,1002313,3827636,144932
2022-12-20 12:45:00-05:00,1761565,1228955,1248034,414344,1010061,415238,735102,4171338,216046
2022-12-20 13:00:00-05:00,1792384,1492625,1553470,377648,966160,641097,951116,4042933,141187
2022-12-20 13:15:00-05:00,1225406,1392650,1913903,326835,709940,402167,894862,3497410,198111
2022-12-20 13:30:00-05:00,2783114,1383144,1505781,405573,670915,577165,1077305,3705366,213314
2022-12-20 13:45:00-05:00,1326500,935140,1201933,332890,580355,369073,782746,4330187,166206
2022-12-20 14:00:00-05:00,1603277,1042264,1790167,483840,574661,396776,1051856,3122638,154889
2022-12-20 14:15:00-05:00,1743952,1245778,1367577,398411,629081,455895,972700,3328437,346639
2022-12-20 14:30:00-05:00,1380663,1442252,1473325,487803,624218,441083,823789,3064420,278158
2022-12-20 14:45:00-05:00,1377905,1224727,1347548,445541,598059,408775,920129,4721289,195296
2022-12-20 15:00:00-05:00,1693293,1220789,1447142,492218,711065,870710,1549741,4266487,260161
2022-12-20 15:15:00-05:00,1888064,968991,1707880,460755,889783,508781,886342,4921714,280866
2022-12-20 15:30:00-05:00,2271664,1600855,1933543,637306,1155259,734813,918232,6324510,306857
2022-12-20 15:45:00-05:00,3790746,3300199,3355621,3294162,2069264,1619773,1775267,13041082,1085223
2022-12-20 16:00:00-05:00,0,0,0,0,0,0,0,0,0
2022-12-20 16:15:00-05:00,0,0,0,0,0,0,0,0,0
2022-12-20 16:30:00-05:00,0,0,0,0,0,0,0,0,0
2022-12-20 16:45:00-05:00,0,0,0,0,0,0,0,0,0
2022-12-20 17:00:00-05:00,0,0,0,0,0,0,0,0,0
2022-12-20 17:15:00-05:00,0,0,0,0,0,0,0,0,0
2022-12-20 17:30:00-05:00,0,0,0,0,0,0,0,0,0
2022-12-20 17:45:00-05:00,0,0,0,0,0,0,0,0,0
2022-12-20 18:00:00-05:00,0,0,0,0,0,0,0,0,0
2022-12-20 18:15:00-05:00,0,0,0,0,0,0,0,0,0
2022-12-20 18:30:00-05:00,0,0,0,0,0,0,0,0,0
2022-12-20 18:45:00-05:00,0,0,0,0,0,0,0,0,0
2022-12-21 04:00:00-05:00,0,0,0,0,0,0,0,0,0
2022-12-21 04:15:00-05:00,0,0,0,0,0,0,0,0,0
2022-12-21 04:30:00-05:00,0,0,0,0,0,0,0,0,0
2022-12-21 04:45:00-05:00,0,0,0,0,0,0,0,0,0
2022-12-21 05:00:00-05:00,0,0,0,0,0,0,0,0,0
2022-12-21 05:15:00-05:00,0,0,0,0,0,0,0,0,0
2022-12-21 05:30:00-05:00,0,0,0,0,0,0,0,0,0
2022-12-21 05:45:00-05:00,0,0,0,0,0,0,0,0,0
2022-12-21 06:00:00-05:00,0,0,0,0,0,0,0,0,0
2022-12-21 06:15:00-05:00,0,0,0,0,0,0,0,0,0
2022-12-21 06:30:00-05:00,0,0,0,0,0,0,0,0,0
2022-12-21 06:45:00-05:00,0,0,0,0,0,0,0,0,0
2022-12-21 07:00:00-05:00,0,0,0,0,0,0,0,0,0
2022-12-21 07:15:00-05:00,0,0,0,0,0,0,0,0,0
2022-12-21 07:30:00-05:00,0,0,0,0,0,0,0,0,0
2022-12-21 07:45:00-05:00,0,0,0,0,0,0,0,0,0
2022-12-21 08:00:00-05:00,0,0,0,0,0,0,0,0,0
2022-12-21 08:15:00-05:00,0,0,0,0,0,0,0,0,0
2022-12-21 08:30:00-05:00,0,0,0,0,0,0,0,0,0
2022-12-21 08:45:00-05:00,0,0,0,0,0,0,0,0,0
2022-12-21 09:00:00-05:00,0,0,0,0,0,0,0,0,0
2022-12-21 09:30:00-05:00,6711110,4954778,6142043,1846787,1844728,2167703,3046697,21828455,1162022
2022-12-21 09:45:00-05:00,3227666,3299180,3492395,1074948,1487367,1169664,2994747,13923876,607290
2022-12-21 10:00:00-05:00,3263548,2751033,3591382,941043,920793,1043476,2180510,8297386,468328
2022-12-21 10:15:00-05:00,3926588,2303703,2786855,687388,565990,865636,1276696,7203351,427235
2022-12-21 10:30:00-05:00,4129678,1891594,3352074,809390,738794,939207,1572559,7240230,475228
2022-12-21 10:45:00-05:00,4527443,1703650,2717005,655875,986164,646725,1565596,5026522,452748
2022-12-21 11:00:00-05:00,3859973,1745770,2605724,714829,658287,890302,1206268,4130462,327848
2022-12-21 11:15:00-05:00,2533954,1416850,1983410,577610,683036,768512,905529,3723189,231168
2022-12-21 11:30:00-05:00,2222642,1664819,1562216,463286,678412,441368,961205,3190182,219727
2022-12-21 11:45:00-05:00,2486841,1176490,1716965,450713,701324,459799,1100870,3468808,264114
2022-12-21 12:00:00-05:00,3800850,1026987,1290379,430719,382863,549667,789118,4433170,207534
2022-12-21 12:15:00-05:00,1797668,808998,1321777,323839,493616,469902,687417,4987939,189204
2022-12-21 12:30:00-05:00,1819432,1023734,1242545,369427,468261,613292,756128,4532820,351104
2022-12-21 12:45:00-05:00,1732286,648106,1573420,319088,426345,410699,621722,4310171,156316
2022-12-21 13:00:00-05:00,1815650,808529,1497964,474500,608286,521840,695969,2906517,234295
2022-12-21 13:15:00-05:00,2677361,1143119,1222182,346890,964011,833542,812052,3008227,149124
2022-12-21 13:30:00-05:00,1399232,708315,1023369,382384,455014,483249,558303,2671440,133003
2022-12-21 13:45:00-05:00,2006731,970325,821524,321904,495825,412392,470814,3126428,150622
2022-12-21 14:00:00-05:00,1922065,1164489,1720010,453974,679166,524860,929055,5943702,191187
2022-12-21 14:15:00-05:00,1714049,853278,1399843,387409,523760,379578,791824,4987528,167659
2022-12-21 14:30:00-05:00,1583975,919660,1154586,348826,402537,525143,740865,2834669,191921
2022-12-21 14:45:00-05:00,1554239,1050590,1198990,367355,462111,481544,761678,3805296,232662
2022-12-21 15:00:00-05:00,1633003,1142998,1546171,455260,411838,668147,1109378,3453982,246563
2022-12-21 15:15:00-05:00,1521512,1202760,1720616,563623,513801,549920,908619,2897172,258345
2022-12-21 15:30:00-05:00,1910767,1486599,1559970,598913,670740,783086,905212,4019165,308243
2022-12-21 15:45:00-05:00,5452336,3060365,3671448,1508012,1425009,2067495,1773376,6100643,1221693
2022-12-21 16:00:00-05:00,0,0,0,0,0,0,0,0,0
2022-12-21 16:15:00-05:00,0,0,0,0,0,0,0,0,0
2022-12-21 16:30:00-05:00,0,0,0,0,0,0,0,0,0
2022-12-21 16:45:00-05:00,0,0,0,0,0,0,0,0,0
2022-12-21 17:00:00-05:00,0,0,0,0,0,0,0,0,0
2022-12-21 17:15:00-05:00,0,0,0,0,0,0,0,0,0
2022-12-21 17:30:00-05:00,0,0,0,0,0,0,0,0,0
2022-12-21 17:45:00-05:00,0,0,0,0,0,0,0,0,0
2022-12-21 18:00:00-05:00,0,0,0,0,0,0,0,0,0
2022-12-21 18:15:00-05:00,0,0,0,0,0,0,0,0,0
2022-12-21 18:30:00-05:00,0,0,0,0,0,0,0,0,0
2022-12-21 18:45:00-05:00,0,0,0,0,0,0,0,0,0
2022-12-22 04:00:00-05:00,0,0,0,0,0,0,0,0,0
2022-12-22 04:15:00-05:00,0,0,0,0,0,0,0,0,0
2022-12-22 04:30:00-05:00,0,0,0,0,0,0,0,0,0
2022-12-22 04:45:00-05:00,0,0,0,0,0,0,0,0,0
2022-12-22 05:00:00-05:00,0,0,0,0,0,0,0,0,0
2022-12-22 05:15:00-05:00,0,0,0,0,0,0,0,0,0
2022-12-22 05:30:00-05:00,0,0,0,0,0,0,0,0,0
2022-12-22 05:45:00-05:00,0,0,0,0,0,0,0,0,0
2022-12-22 06:00:00-05:00,0,0,0,0,0,0,0,0,0
2022-12-22 06:15:00-05:00,0,0,0,0,0,0,0,0,0
2022-12-22 06:30:00-05:00,0,0,0,0,0,0,0,0,0
2022-12-22 06:45:00-05:00,0,0,0,0,0,0,0,0,0
2022-12-22 07:00:00-05:00,0,0,0,0,0,0,0,0,0
2022-12-22 07:15:00-05:00,0,0,0,0,0,0,0,0,0
2022-12-22 07:30:00-05:00,0,0,0,0,0,0,0,0,0
2022-12-22 07:45:00-05:00,0,0,0,0,0,0,0,0,0
2022-12-22 08:00:00-05:00,0,0,0,0,0,0,0,0,0
2022-12-22 08:15:00-05:00,0,0,0,0,0,0,0,0,0
2022-12-22 08:30:00-05:00,0,0,0,0,0,0,0,0,0
2022-12-22 08:45:00-05:00,0,0,0,0,0,0,0,0,0
2022-12-22 09:00:00-05:00,0,0,0,0,0,0,0,0,0
2022-12-22 09:30:00-05:00,6083392,5049474,6049432,1573430,1960414,1775017,4250551,17683503,1255589
2022-12-22 09:45:00-05:00,2727370,5558062,3196089,833482,1071707,916564,2793528,9152117,598137
2022-12-22 10:00:00-05:00,4034270,3855787,2790146,1230812,922521,1293921,3501651,7540900,728573
2022-12-22 10:15:00-05:00,3803358,3327810,3372731,803940,735498,887243,2243648,7216335,952218
2022-12-22 10:30:00-05:00,3529820,4076974,3529203,996665,1101259,1692228,2108740,12655262,656663
2022-12-22 10:45:00-05:00,2483542,3100527,1958993,625269,533923,770107,1730261,9429726,293905
2022-12-22 11:00:00-05:00,2064416,3468509,2295942,519592,547417,739132,1701956,8885228,323583
2022-12-22 11:15:00-05:00,1832249,2428888,1609306,460762,465506,484714,1458082,6504572,330399
2022-12-22 11:30:00-05:00,1689172,2357680,2212507,573675,432818,675100,2003816,5333277,440729
2022-12-22 11:45:00-05:00,2106256,1899198,2602491,460904,1733015,505261,1703353,9166019,352158
2022-12-22 12:00:00-05:00,2032862,1526177,2860527,413926,457828,574759,1358613,9454103,257848
2022-12-22 12:15:00-05:00,2187343,1928107,1881715,510333,595003,668737,1873627,10267630,382098
2022-12-22 12:30:00-05:00,1649729,1797709,3220987,395515,501361,770638,1433071,12317842,349706
2022-12-22 12:45:00-05:00,1374076,1792116,2082505,444208,428773,568541,1720152,8012105,286708
2022-12-22 13:00:00-05:00,1504561,1593577,2324386,458804,543338,504217,1657834,7426064,260906
2022-12-22 13:15:00-05:00,1905633,1706691,2031060,316466,405961,402348,1277987,5124500,226249
2022-12-22 13:30:00-05:00,2066776,1655543,2143093,532488,633254,673873,1598124,6016060,247683
2022-12-22 13:45:00-05:00,1460006,1487992,1436435,511824,437469,455711,1317303,5057847,332667
2022-12-22 14:00:00-05:00,1903840,1663893,3167121,578028,427023,685200,1319325,6403863,381020
2022-12-22 14:15:00-05:00,1850300,2185319,2304904,619842,751777,574189,1538272,5267869,225600
2022-12-22 14:30:00-05:00,2094558,1531280,1970509,448415,656698,518999,1231206,4509965,270398
2022-12-22 14:45:00-05:00,1771076,1929087,1916649,588935,1151595,589154,1296735,3903961,262177
2022-12-22 15:00:00-05:00,2683382,2414593,3480377,698910,849476,782604,2125488,4755087,278689
2022-12-22 15:15:00-05:00,3139760,2985009,2974050,1045482,880722,1302450,3091017,5965929,320176
2022-12-22 15:30:00-05:00,2907649,2657690,2912913,1188406,830198,1186137,2740885,5159999,469888
2022-12-22 15:45:00-05:00,6800178,4536605,6622890,2608937,1883691,3427308,3845734,7822870,1003332
2022-12-22 16:00:00-05:00,0,0,0,0,0,0,0,0,0
2022-12-22 16:15:00-05:00,0,0,0,0,0,0,0,0,0
2022-12-22 16:30:00-05:00,0,0,0,0,0,0,0,0,0
2022-12-22 16:45:00-05:00,0,0,0,0,0,0,0,0,0
2022-12-22 17:00:00-05:00,0,0,0,0,0,0,0,0,0
2022-12-22 17:15:00-05:00,0,0,0,0,0,0,0,0,0
2022-12-22 17:30:00-05:00,0,0,0,0,0,0,0,0,0
2022-12-22 17:45:00-05:00,0,0,0,0,0,0,0,0,0
2022-12-22 18:00:00-05:00,0,0,0,0,0,0,0,0,0
2022-12-22 18:15:00-05:00,0,0,0,0,0,0,0,0,0
2022-12-22 18:30:00-05:00,0,0,0,0,0,0,0,0,0
2022-12-22 18:45:00-05:00,0,0,0,0,0,0,0,0,0
2022-12-23 04:00:00-05:00,0,0,0,0,0,0,0,0,0
2022-12-23 04:15:00-05:00,0,0,0,0,0,0,0,0,0
2022-12-23 04:30:00-05:00,0,0,0,0,0,0,0,0,0
2022-12-23 04:45:00-05:00,0,0,0,0,0,0,0,0,0
2022-12-23 05:00:00-05:00,0,0,0,0,0,0,0,0,0
2022-12-23 05:15:00-05:00,0,0,0,0,0,0,0,0,0
2022-12-23 05:30:00-05:00,0,0,0,0,0,0,0,0,0
2022-12-23 05:45:00-05:00,0,0,0,0,0,0,0,0,0
2022-12-23 06:00:00-05:00,0,0,0,0,0,0,0,0,0
2022-12-23 06:15:00-05:00,0,0,0,0,0,0,0,0,0
2022-12-23 06:30:00-05:00,0,0,0,0,0,0,0,0,0
2022-12-23 06:45:00-05:00,0,0,0,0,0,0,0,0,0
2022-12-23 07:00:00-05:00,0,0,0,0,0,0,0,0,0
2022-12-23 07:15:00-05:00,0,0,0,0,0,0,0,0,0
2022-12-23 07:30:00-05:00,0,0,0,0,0,0,0,0,0
2022-12-23 07:45:00-05:00,0,0,0,0,0,0,0,0,0
2022-12-23 08:00:00-05:00,0,0,0,0,0,0,0,0,0
2022-12-23 08:15:00-05:00,0,0,0,0,0,0,0,0,0
2022-12-23 08:30:00-05:00,0,0,0,0,0,0,0,0,0
2022-12-23 08:45:00-05:00,0,0,0,0,0,0,0,0,0
2022-12-23 09:00:00-05:00,0,0,0,0,0,0,0,0,0
2022-12-23 09:30:00-05:00,7878984,4988595,7038854,1594904,1958265,2387986,3967774,23699538,804383
2022-12-23 09:45:00-05:00,3973753,2577159,2531283,1006573,964300,2307196,2270200,12284078,421770
2022-12-23 10:00:00-05:00,4569823,3359081,2997253,1375142,1274456,1319446,2566139,9068565,543080
2022-12-23 10:15:00-05:00,3384635,3496791,2700443,1052166,891883,858799,2277341,11718959,413411
2022-12-23 10:30:00-05:00,3223495,3040877,3955297,1041951,1197791,809207,1987592,14898807,321523
2022-12-23 10:45:00-05:00,2543357,2697721,2085313,597264,678309,683382,1908107,12571236,334864
2022-12-23 11:00:00-05:00,3055846,2139646,2556223,639078,690777,710311,1577108,7878256,235221
2022-12-23 11:15:00-05:00,2094084,1834766,1624224,1378786,411029,608014,1186963,7910964,149186
2022-12-23 11:30:00-05:00,1819055,1506150,1292761,465034,529776,549277,1050366,4949136,221264
2022-12-23 11:45:00-05:00,1685446,1227611,1312135,343379,368438,417179,1138384,4295691,164987
2022-12-23 12:00:00-05:00,1408357,1177484,1194623,379006,425075,448317,733405,4060071,142261
2022-12-23 12:15:00-05:00,1523961,1246963,1476552,477397,436260,491220,801838,4133298,180747
2022-12-23 12:30:00-05:00,1425704,905257,1356961,388006,341342,463113,868903,4417085,170686
2022-12-23 12:45:00-05:00,1196946,836491,1104862,268508,399892,352892,895147,3264070,131543
2022-12-23 13:00:00-05:00,1453715,1034438,1219526,396664,490348,328854,867080,2782519,120343
2022-12-23 13:15:00-05:00,1135768,843536,970006,352081,380502,376129,611269,2399726,123818
2022-12-23 13:30:00-05:00,1005880,722170,1249211,324386,325943,382538,585408,3363723,144350
2022-12-23 13:45:00-05:00,1382240,847725,985898,248561,527421,523582,612372,2654270,147973
2022-12-23 14:00:00-05:00,1253055,665801,1533372,296976,412972,336676,642789,2584052,106413
2022-12-23 14:15:00-05:00,1188199,1003442,1341061,280387,548007,502989,628265,2167281,187575
2022-12-23 14:30:00-05:00,1376407,897596,1694140,269908,399952,443508,691799,2295231,161723
2022-12-23 14:45:00-05:00,1349190,742061,1519544,281649,336561,280488,565370,2503156,114097
2022-12-23 15:00:00-05:00,1960105,1294243,2369446,418060,472315,497825,1266469,3550690,147379
2022-12-23 15:15:00-05:00,1671872,934168,2470925,394334,545342,449985,659381,2256049,174609
2022-12-23 15:30:00-05:00,1880890,1139813,2042639,497694,510602,625934,842514,4056838,293801
2022-12-23 15:45:00-05:00,3890528,2902121,3190310,1108155,1132932,1378167,1832145,7695895,807631
2022-12-23 16:00:00-05:00,0,0,0,0,0,0,0,0,0
2022-12-23 16:15:00-05:00,0,0,0,0,0,0,0,0,0
2022-12-23 16:30:00-05:00,0,0,0,0,0,0,0,0,0
2022-12-23 16:45:00-05:00,0,0,0,0,0,0,0,0,0
2022-12-23 17:00:00-05:00,0,0,0,0,0,0,0,0,0
2022-12-23 17:15:00-05:00,0,0,0,0,0,0,0,0,0
2022-12-23 17:30:00-05:00,0,0,0,0,0,0,0,0,0
2022-12-23 17:45:00-05:00,0,0,0,0,0,0,0,0,0
2022-12-23 18:00:00-05:00,0,0,0,0,0,0,0,0,0
2022-12-23 18:15:00-05:00,0,0,0,0,0,0,0,0,0
2022-12-23 18:30:00-05:00,0,0,0,0,0,0,0,0,0
